-10.0,-10.0,-213.27039720761357,172.7684129308298
50.0,5.0,-68.99530839549467,153.85563933909154
20.0,20.0,-33.67649581225319,165.39673510372722
20.0,20.0,-33.67649581225319,165.39673510372722
20.0,-10.0,-105.70162503281814,168.4843264556033
-10.0,5.0,76.56725685444418,174.31948320056162
-10.0,0.0,104.05523282022646,174.94065843308914
-10.0,0.0,104.05523282022646,174.94065843308914
20.0,20.0,-33.67649581225319,165.39673510372722
20.0,-10.0,-105.70162503281814,168.4843264556033
-10.0,0.0,104.05523282022646,174.94065843308914
20.0,30.0,-21.219570786601057,161.33439937521783
50.0,10.0,-63.233500588241625,153.4625927163731
20.0,10.0,-52.57152267866216,168.4843264556033
20.0,15.0,-42.1252074559141,167.1092125743434
-3.0,-20.0,-177.6774521249335,169.5974106575648
60.0,30.0,-44.22555771901034,144.8385416866093
5.0,5.0,-26.827158112597292,176.49842218356562
70.0,50.0,-30.441141987931697,134.413981078186
30.0,50.0,-13.847960336531479,149.56171267065992
30.0,10.0,-59.80263137275224,163.65364843354183
5.0,-20.0,-155.11706964871647,169.3933402607434
50.0,20.0,-52.10443709193293,151.9414681451429
10.0,10.0,-33.270397207613556,172.7684129308298
50.0,10.0,-63.233500588241625,153.4625927163731
50.0,10.0,-63.233500588241625,153.4625927163731
50.0,10.0,-63.233500588241625,153.4625927163731
50.0,10.0,-63.233500588241625,153.4625927163731
50.0,0.0,-74.76033732780624,153.98788037509385
49.2403876506104,8.682408883346517,-64.76033732780624,153.98788037509385
46.98463103929542,17.101007166283434,-54.76033732780624,153.98788037509385
43.30127018922194,24.999999999999996,-44.76033732780625,153.98788037509385
38.302222155948904,32.13938048432696,-34.76033732780624,153.98788037509385
32.13938048432697,38.302222155948904,-24.760337327806237,153.98788037509385
25.000000000000007,43.30127018922193,-14.760337327806242,153.98788037509385
17.10100716628344,46.984631039295415,-4.760337327806241,153.98788037509385
8.68240888334652,49.2403876506104,5.239662672193761,153.98788037509385
3.061616997868383e-15,50.0,15.239662672193763,153.98788037509385
-8.682408883346515,49.2403876506104,25.239662672193763,153.98788037509385
-17.101007166283434,46.98463103929542,35.23966267219377,153.98788037509385
-24.99999999999999,43.30127018922194,45.23966267219375,153.98788037509385
-32.13938048432696,38.302222155948904,55.23966267219377,153.98788037509385
-38.3022221559489,32.13938048432697,65.23966267219376,153.98788037509385
-43.30127018922194,24.999999999999996,75.23966267219377,153.98788037509385
-46.984631039295415,17.101007166283445,85.23966267219376,153.98788037509385
-49.2403876506104,8.682408883346534,95.23966267219375,153.98788037509385
-50.0,6.123233995736766e-15,105.23966267219376,153.98788037509385
-49.24038765061041,-8.6824088833465,-244.76033732780627,153.98788037509385
-46.98463103929542,-17.101007166283434,-234.76033732780627,153.98788037509385
-43.30127018922194,-24.99999999999999,-224.76033732780624,153.98788037509385
-38.302222155948904,-32.13938048432696,-214.76033732780624,153.98788037509385
-32.13938048432698,-38.3022221559489,-204.76033732780627,153.98788037509385
-25.00000000000002,-43.30127018922192,-194.76033732780627,153.98788037509385
-17.101007166283466,-46.98463103929541,-184.76033732780627,153.98788037509385
-8.682408883346517,-49.2403876506104,-174.76033732780624,153.98788037509385
-9.184850993605149e-15,-50.0,-164.76033732780624,153.98788037509385
8.682408883346499,-49.24038765061041,-154.76033732780627,153.98788037509385
17.10100716628341,-46.98463103929543,-144.76033732780627,153.98788037509385
25.0,-43.30127018922193,-134.76033732780624,153.98788037509385
32.13938048432696,-38.302222155948904,-124.76033732780624,153.98788037509385
38.3022221559489,-32.13938048432698,-114.76033732780625,153.98788037509385
43.30127018922192,-25.00000000000002,-104.76033732780627,153.98788037509385
46.98463103929541,-17.10100716628347,-94.76033732780628,153.98788037509385
49.2403876506104,-8.68240888334652,-84.76033732780624,153.98788037509385
50.0,0.0,-74.76033732780624,153.98788037509385
49.2403876506104,8.682408883346517,-64.76033732780624,153.98788037509385
46.98463103929542,17.101007166283434,-54.76033732780624,153.98788037509385
43.30127018922194,24.999999999999996,-44.76033732780625,153.98788037509385
38.302222155948904,32.13938048432696,-34.76033732780624,153.98788037509385
32.13938048432697,38.302222155948904,-24.760337327806237,153.98788037509385
25.000000000000007,43.30127018922193,-14.760337327806242,153.98788037509385
17.10100716628344,46.984631039295415,-4.760337327806241,153.98788037509385
8.68240888334652,49.2403876506104,5.239662672193761,153.98788037509385
3.061616997868383e-15,50.0,15.239662672193763,153.98788037509385
-8.682408883346515,49.2403876506104,25.239662672193763,153.98788037509385
-17.101007166283434,46.98463103929542,35.23966267219377,153.98788037509385
-24.99999999999999,43.30127018922194,45.23966267219375,153.98788037509385
-32.13938048432696,38.302222155948904,55.23966267219377,153.98788037509385
-38.3022221559489,32.13938048432697,65.23966267219376,153.98788037509385
-43.30127018922194,24.999999999999996,75.23966267219377,153.98788037509385
-46.984631039295415,17.101007166283445,85.23966267219376,153.98788037509385
-49.2403876506104,8.682408883346534,95.23966267219375,153.98788037509385
-50.0,6.123233995736766e-15,105.23966267219376,153.98788037509385
-49.24038765061041,-8.6824088833465,-244.76033732780627,153.98788037509385
-46.98463103929542,-17.101007166283434,-234.76033732780627,153.98788037509385
-43.30127018922194,-24.99999999999999,-224.76033732780624,153.98788037509385
-38.302222155948904,-32.13938048432696,-214.76033732780624,153.98788037509385
-32.13938048432698,-38.3022221559489,-204.76033732780627,153.98788037509385
-25.00000000000002,-43.30127018922192,-194.76033732780627,153.98788037509385
-17.101007166283466,-46.98463103929541,-184.76033732780627,153.98788037509385
-8.682408883346517,-49.2403876506104,-174.76033732780624,153.98788037509385
-9.184850993605149e-15,-50.0,-164.76033732780624,153.98788037509385
8.682408883346499,-49.24038765061041,-154.76033732780627,153.98788037509385
17.10100716628341,-46.98463103929543,-144.76033732780627,153.98788037509385
25.0,-43.30127018922193,-134.76033732780624,153.98788037509385
32.13938048432696,-38.302222155948904,-124.76033732780624,153.98788037509385
38.3022221559489,-32.13938048432698,-114.76033732780625,153.98788037509385
43.30127018922192,-25.00000000000002,-104.76033732780627,153.98788037509385
46.98463103929541,-17.10100716628347,-94.76033732780628,153.98788037509385
49.2403876506104,-8.68240888334652,-84.76033732780624,153.98788037509385
50.0,0.0,-74.76033732780624,153.98788037509385
49.2403876506104,8.682408883346517,-64.76033732780624,153.98788037509385
46.98463103929542,17.101007166283434,-54.76033732780624,153.98788037509385
43.30127018922194,24.999999999999996,-44.76033732780625,153.98788037509385
38.302222155948904,32.13938048432696,-34.76033732780624,153.98788037509385
32.13938048432697,38.302222155948904,-24.760337327806237,153.98788037509385
25.000000000000007,43.30127018922193,-14.760337327806242,153.98788037509385
17.10100716628344,46.984631039295415,-4.760337327806241,153.98788037509385
8.68240888334652,49.2403876506104,5.239662672193761,153.98788037509385
3.061616997868383e-15,50.0,15.239662672193763,153.98788037509385
-8.682408883346515,49.2403876506104,25.239662672193763,153.98788037509385
-17.101007166283434,46.98463103929542,35.23966267219377,153.98788037509385
-24.99999999999999,43.30127018922194,45.23966267219375,153.98788037509385
-32.13938048432696,38.302222155948904,55.23966267219377,153.98788037509385
-38.3022221559489,32.13938048432697,65.23966267219376,153.98788037509385
-43.30127018922194,24.999999999999996,75.23966267219377,153.98788037509385
-46.984631039295415,17.101007166283445,85.23966267219376,153.98788037509385
-49.2403876506104,8.682408883346534,95.23966267219375,153.98788037509385
-50.0,6.123233995736766e-15,105.23966267219376,153.98788037509385
-49.24038765061041,-8.6824088833465,-244.76033732780627,153.98788037509385
-46.98463103929542,-17.101007166283434,-234.76033732780627,153.98788037509385
-43.30127018922194,-24.99999999999999,-224.76033732780624,153.98788037509385
-38.302222155948904,-32.13938048432696,-214.76033732780624,153.98788037509385
-32.13938048432698,-38.3022221559489,-204.76033732780627,153.98788037509385
-25.00000000000002,-43.30127018922192,-194.76033732780627,153.98788037509385
-17.101007166283466,-46.98463103929541,-184.76033732780627,153.98788037509385
-8.682408883346517,-49.2403876506104,-174.76033732780624,153.98788037509385
-9.184850993605149e-15,-50.0,-164.76033732780624,153.98788037509385
8.682408883346499,-49.24038765061041,-154.76033732780627,153.98788037509385
17.10100716628341,-46.98463103929543,-144.76033732780627,153.98788037509385
25.0,-43.30127018922193,-134.76033732780624,153.98788037509385
32.13938048432696,-38.302222155948904,-124.76033732780624,153.98788037509385
38.3022221559489,-32.13938048432698,-114.76033732780625,153.98788037509385
43.30127018922192,-25.00000000000002,-104.76033732780627,153.98788037509385
46.98463103929541,-17.10100716628347,-94.76033732780628,153.98788037509385
49.2403876506104,-8.68240888334652,-84.76033732780624,153.98788037509385
50.0,0.0,-74.76033732780624,153.98788037509385
49.2403876506104,8.682408883346517,-64.76033732780624,153.98788037509385
46.98463103929542,17.101007166283434,-54.76033732780624,153.98788037509385
43.30127018922194,24.999999999999996,-44.76033732780625,153.98788037509385
38.302222155948904,32.13938048432696,-34.76033732780624,153.98788037509385
32.13938048432697,38.302222155948904,-24.760337327806237,153.98788037509385
25.000000000000007,43.30127018922193,-14.760337327806242,153.98788037509385
17.10100716628344,46.984631039295415,-4.760337327806241,153.98788037509385
8.68240888334652,49.2403876506104,5.239662672193761,153.98788037509385
3.061616997868383e-15,50.0,15.239662672193763,153.98788037509385
-8.682408883346515,49.2403876506104,25.239662672193763,153.98788037509385
-17.101007166283434,46.98463103929542,35.23966267219377,153.98788037509385
-24.99999999999999,43.30127018922194,45.23966267219375,153.98788037509385
-32.13938048432696,38.302222155948904,55.23966267219377,153.98788037509385
-38.3022221559489,32.13938048432697,65.23966267219376,153.98788037509385
-43.30127018922194,24.999999999999996,75.23966267219377,153.98788037509385
-46.984631039295415,17.101007166283445,85.23966267219376,153.98788037509385
-49.2403876506104,8.682408883346534,95.23966267219375,153.98788037509385
-50.0,6.123233995736766e-15,105.23966267219376,153.98788037509385
-49.24038765061041,-8.6824088833465,-244.76033732780627,153.98788037509385
-46.98463103929542,-17.101007166283434,-234.76033732780627,153.98788037509385
-43.30127018922194,-24.99999999999999,-224.76033732780624,153.98788037509385
-38.302222155948904,-32.13938048432696,-214.76033732780624,153.98788037509385
-32.13938048432698,-38.3022221559489,-204.76033732780627,153.98788037509385
-25.00000000000002,-43.30127018922192,-194.76033732780627,153.98788037509385
-17.101007166283466,-46.98463103929541,-184.76033732780627,153.98788037509385
-8.682408883346517,-49.2403876506104,-174.76033732780624,153.98788037509385
-9.184850993605149e-15,-50.0,-164.76033732780624,153.98788037509385
8.682408883346499,-49.24038765061041,-154.76033732780627,153.98788037509385
17.10100716628341,-46.98463103929543,-144.76033732780627,153.98788037509385
25.0,-43.30127018922193,-134.76033732780624,153.98788037509385
32.13938048432696,-38.302222155948904,-124.76033732780624,153.98788037509385
38.3022221559489,-32.13938048432698,-114.76033732780625,153.98788037509385
43.30127018922192,-25.00000000000002,-104.76033732780627,153.98788037509385
46.98463103929541,-17.10100716628347,-94.76033732780628,153.98788037509385
49.2403876506104,-8.68240888334652,-84.76033732780624,153.98788037509385
50.0,0.0,-74.76033732780624,153.98788037509385
49.2403876506104,8.682408883346517,-64.76033732780624,153.98788037509385
46.98463103929542,17.101007166283434,-54.76033732780624,153.98788037509385
43.30127018922194,24.999999999999996,-44.76033732780625,153.98788037509385
38.302222155948904,32.13938048432696,-34.76033732780624,153.98788037509385
32.13938048432697,38.302222155948904,-24.760337327806237,153.98788037509385
25.000000000000007,43.30127018922193,-14.760337327806242,153.98788037509385
17.10100716628344,46.984631039295415,-4.760337327806241,153.98788037509385
8.68240888334652,49.2403876506104,5.239662672193761,153.98788037509385
3.061616997868383e-15,50.0,15.239662672193763,153.98788037509385
-8.682408883346515,49.2403876506104,25.239662672193763,153.98788037509385
-17.101007166283434,46.98463103929542,35.23966267219377,153.98788037509385
-24.99999999999999,43.30127018922194,45.23966267219375,153.98788037509385
-32.13938048432696,38.302222155948904,55.23966267219377,153.98788037509385
-38.3022221559489,32.13938048432697,65.23966267219376,153.98788037509385
-43.30127018922194,24.999999999999996,75.23966267219377,153.98788037509385
-46.984631039295415,17.101007166283445,85.23966267219376,153.98788037509385
-49.2403876506104,8.682408883346534,95.23966267219375,153.98788037509385
-50.0,6.123233995736766e-15,105.23966267219376,153.98788037509385
-49.24038765061041,-8.6824088833465,-244.76033732780627,153.98788037509385
-46.98463103929542,-17.101007166283434,-234.76033732780627,153.98788037509385
-43.30127018922194,-24.99999999999999,-224.76033732780624,153.98788037509385
-38.302222155948904,-32.13938048432696,-214.76033732780624,153.98788037509385
-32.13938048432698,-38.3022221559489,-204.76033732780627,153.98788037509385
-25.00000000000002,-43.30127018922192,-194.76033732780627,153.98788037509385
-17.101007166283466,-46.98463103929541,-184.76033732780627,153.98788037509385
-8.682408883346517,-49.2403876506104,-174.76033732780624,153.98788037509385
-9.184850993605149e-15,-50.0,-164.76033732780624,153.98788037509385
8.682408883346499,-49.24038765061041,-154.76033732780627,153.98788037509385
17.10100716628341,-46.98463103929543,-144.76033732780627,153.98788037509385
25.0,-43.30127018922193,-134.76033732780624,153.98788037509385
32.13938048432696,-38.302222155948904,-124.76033732780624,153.98788037509385
38.3022221559489,-32.13938048432698,-114.76033732780625,153.98788037509385
43.30127018922192,-25.00000000000002,-104.76033732780627,153.98788037509385
46.98463103929541,-17.10100716628347,-94.76033732780628,153.98788037509385
49.2403876506104,-8.68240888334652,-84.76033732780624,153.98788037509385
20.0,10.0,-52.57152267866216,168.4843264556033
20.0,10.0,-52.57152267866216,168.4843264556033
50.0,50.0,-24.89727222051595,142.86736883732252
-10.0,-10.0,-213.27039720761357,172.7684129308298
-30.0,-30.0,-211.3421617066812,157.98876631919933
-30.0,-30.0,-211.3421617066812,157.98876631919933
-30.0,-30.0,-211.3421617066812,157.98876631919933
-30.0,-30.0,-211.3421617066812,157.98876631919933
-30.0,-30.0,-211.3421617066812,157.98876631919933
20.0,10.0,-52.57152267866216,168.4843264556033
78.0,78.0,-14.308295149260825,120.41975824799427
-10.0,-20.0,-195.70162503281816,168.4843264556033
70.0,70.0,-17.48606023093772,127.04449611684953
-40.0,-40.0,-208.28700197142237,150.49261369918656
40.0,2.0,-73.94139774721735,159.2386381947803
40.0,2.0,-73.94139774721735,159.2386381947803
40.0,2.0,-73.94139774721735,159.2386381947803
40.0,2.0,-73.94139774721735,159.2386381947803
40.0,2.0,-73.94139774721735,159.2386381947803
50.0,-40.0,-110.18971405284827,146.48758774274998
50.0,-59.0,-117.94998472950869,139.23788539118323
70.0,70.0,-17.48606023093772,127.04449611684953
-30.0,-30.0,-211.3421617066812,157.98876631919933
0.0,-30.0,-168.4630409671845,164.50126724340322
0.0,-30.0,-168.4630409671845,164.50126724340322
60.0,60.0,-21.286282949860155,135.06873428491178
5.0,5.0,-26.827158112597292,176.49842218356562
70.0,70.0,-17.48606023093772,127.04449611684953
50.0,10.0,-63.233500588241625,153.4625927163731
40.0,40.0,-28.287001971422384,150.49261369918656
40.0,40.0,-28.287001971422384,150.49261369918656
60.0,60.0,-21.286282949860155,135.06873428491178
60.0,60.0,-21.286282949860155,135.06873428491178
50.0,50.0,-24.89727222051595,142.86736883732252
-10.0,-10.0,-213.27039720761357,172.7684129308298
70.0,70.0,-17.48606023093772,127.04449611684953
70.0,70.0,-17.48606023093772,127.04449611684953
-10.0,-10.0,-213.27039720761357,172.7684129308298
70.0,70.0,-17.48606023093772,127.04449611684953
-10.0,-10.0,-213.27039720761357,172.7684129308298
70.0,70.0,-17.48606023093772,127.04449611684953
-10.0,-10.0,-213.27039720761357,172.7684129308298
25.0,0.0,-78.99510510175813,167.1092125743434
24.6201938253052,4.341204441673258,-68.99510510175813,167.1092125743434
23.49231551964771,8.550503583141717,-58.995105101758135,167.1092125743434
21.65063509461097,12.499999999999998,-48.995105101758135,167.1092125743434
19.151111077974452,16.06969024216348,-38.99510510175813,167.1092125743434
16.069690242163485,19.151111077974452,-28.995105101758124,167.1092125743434
12.500000000000004,21.650635094610966,-18.995105101758128,167.1092125743434
8.55050358314172,23.492315519647708,-8.995105101758128,167.1092125743434
4.34120444167326,24.6201938253052,1.0048948982418737,167.1092125743434
1.5308084989341915e-15,25.0,11.004894898241876,167.1092125743434
-4.341204441673257,24.6201938253052,21.004894898241876,167.1092125743434
-8.550503583141717,23.49231551964771,31.00489489824188,167.1092125743434
-12.499999999999995,21.65063509461097,41.004894898241865,167.1092125743434
-16.06969024216348,19.151111077974452,51.00489489824188,167.1092125743434
-19.15111107797445,16.069690242163485,61.00489489824187,167.1092125743434
-21.65063509461097,12.499999999999998,71.00489489824189,167.1092125743434
-23.492315519647708,8.550503583141722,81.00489489824187,167.1092125743434
-24.6201938253052,4.341204441673267,91.00489489824186,167.1092125743434
-25.0,3.061616997868383e-15,101.00489489824187,167.1092125743434
-24.620193825305204,-4.34120444167325,-248.99510510175816,167.1092125743434
-23.49231551964771,-8.550503583141717,-238.99510510175816,167.1092125743434
-21.65063509461097,-12.499999999999995,-228.99510510175813,167.1092125743434
-19.151111077974452,-16.06969024216348,-218.99510510175813,167.1092125743434
-16.06969024216349,-19.15111107797445,-208.99510510175816,167.1092125743434
-12.50000000000001,-21.65063509461096,-198.99510510175816,167.1092125743434
-8.550503583141733,-23.492315519647704,-188.99510510175816,167.1092125743434
-4.341204441673258,-24.6201938253052,-178.99510510175813,167.1092125743434
-4.592425496802574e-15,-25.0,-168.99510510175813,167.1092125743434
4.341204441673249,-24.620193825305204,-158.99510510175816,167.1092125743434
8.550503583141705,-23.492315519647715,-148.99510510175816,167.1092125743434
12.5,-21.650635094610966,-138.99510510175813,167.1092125743434
16.06969024216348,-19.151111077974452,-128.99510510175813,167.1092125743434
19.15111107797445,-16.06969024216349,-118.99510510175814,167.1092125743434
21.65063509461096,-12.50000000000001,-108.99510510175816,167.1092125743434
23.492315519647704,-8.550503583141735,-98.99510510175817,167.1092125743434
24.6201938253052,-4.34120444167326,-88.99510510175813,167.1092125743434
25.0,0.0,-78.99510510175813,167.1092125743434
24.6201938253052,4.341204441673258,-68.99510510175813,167.1092125743434
23.49231551964771,8.550503583141717,-58.995105101758135,167.1092125743434
21.65063509461097,12.499999999999998,-48.995105101758135,167.1092125743434
19.151111077974452,16.06969024216348,-38.99510510175813,167.1092125743434
16.069690242163485,19.151111077974452,-28.995105101758124,167.1092125743434
12.500000000000004,21.650635094610966,-18.995105101758128,167.1092125743434
8.55050358314172,23.492315519647708,-8.995105101758128,167.1092125743434
4.34120444167326,24.6201938253052,1.0048948982418737,167.1092125743434
1.5308084989341915e-15,25.0,11.004894898241876,167.1092125743434
-4.341204441673257,24.6201938253052,21.004894898241876,167.1092125743434
-8.550503583141717,23.49231551964771,31.00489489824188,167.1092125743434
-12.499999999999995,21.65063509461097,41.004894898241865,167.1092125743434
-16.06969024216348,19.151111077974452,51.00489489824188,167.1092125743434
-19.15111107797445,16.069690242163485,61.00489489824187,167.1092125743434
-21.65063509461097,12.499999999999998,71.00489489824189,167.1092125743434
-23.492315519647708,8.550503583141722,81.00489489824187,167.1092125743434
-24.6201938253052,4.341204441673267,91.00489489824186,167.1092125743434
-25.0,3.061616997868383e-15,101.00489489824187,167.1092125743434
-24.620193825305204,-4.34120444167325,-248.99510510175816,167.1092125743434
-23.49231551964771,-8.550503583141717,-238.99510510175816,167.1092125743434
-21.65063509461097,-12.499999999999995,-228.99510510175813,167.1092125743434
-19.151111077974452,-16.06969024216348,-218.99510510175813,167.1092125743434
-16.06969024216349,-19.15111107797445,-208.99510510175816,167.1092125743434
-12.50000000000001,-21.65063509461096,-198.99510510175816,167.1092125743434
-8.550503583141733,-23.492315519647704,-188.99510510175816,167.1092125743434
-4.341204441673258,-24.6201938253052,-178.99510510175813,167.1092125743434
-4.592425496802574e-15,-25.0,-168.99510510175813,167.1092125743434
4.341204441673249,-24.620193825305204,-158.99510510175816,167.1092125743434
8.550503583141705,-23.492315519647715,-148.99510510175816,167.1092125743434
12.5,-21.650635094610966,-138.99510510175813,167.1092125743434
16.06969024216348,-19.151111077974452,-128.99510510175813,167.1092125743434
19.15111107797445,-16.06969024216349,-118.99510510175814,167.1092125743434
21.65063509461096,-12.50000000000001,-108.99510510175816,167.1092125743434
23.492315519647704,-8.550503583141735,-98.99510510175817,167.1092125743434
24.6201938253052,-4.34120444167326,-88.99510510175813,167.1092125743434
25.0,0.0,-78.99510510175813,167.1092125743434
24.6201938253052,4.341204441673258,-68.99510510175813,167.1092125743434
23.49231551964771,8.550503583141717,-58.995105101758135,167.1092125743434
21.65063509461097,12.499999999999998,-48.995105101758135,167.1092125743434
19.151111077974452,16.06969024216348,-38.99510510175813,167.1092125743434
16.069690242163485,19.151111077974452,-28.995105101758124,167.1092125743434
12.500000000000004,21.650635094610966,-18.995105101758128,167.1092125743434
8.55050358314172,23.492315519647708,-8.995105101758128,167.1092125743434
4.34120444167326,24.6201938253052,1.0048948982418737,167.1092125743434
1.5308084989341915e-15,25.0,11.004894898241876,167.1092125743434
-4.341204441673257,24.6201938253052,21.004894898241876,167.1092125743434
-8.550503583141717,23.49231551964771,31.00489489824188,167.1092125743434
-12.499999999999995,21.65063509461097,41.004894898241865,167.1092125743434
-16.06969024216348,19.151111077974452,51.00489489824188,167.1092125743434
-19.15111107797445,16.069690242163485,61.00489489824187,167.1092125743434
-21.65063509461097,12.499999999999998,71.00489489824189,167.1092125743434
-23.492315519647708,8.550503583141722,81.00489489824187,167.1092125743434
-24.6201938253052,4.341204441673267,91.00489489824186,167.1092125743434
-25.0,3.061616997868383e-15,101.00489489824187,167.1092125743434
-24.620193825305204,-4.34120444167325,-248.99510510175816,167.1092125743434
-23.49231551964771,-8.550503583141717,-238.99510510175816,167.1092125743434
-21.65063509461097,-12.499999999999995,-228.99510510175813,167.1092125743434
-19.151111077974452,-16.06969024216348,-218.99510510175813,167.1092125743434
-16.06969024216349,-19.15111107797445,-208.99510510175816,167.1092125743434
-12.50000000000001,-21.65063509461096,-198.99510510175816,167.1092125743434
-8.550503583141733,-23.492315519647704,-188.99510510175816,167.1092125743434
-4.341204441673258,-24.6201938253052,-178.99510510175813,167.1092125743434
-4.592425496802574e-15,-25.0,-168.99510510175813,167.1092125743434
4.341204441673249,-24.620193825305204,-158.99510510175816,167.1092125743434
8.550503583141705,-23.492315519647715,-148.99510510175816,167.1092125743434
12.5,-21.650635094610966,-138.99510510175813,167.1092125743434
16.06969024216348,-19.151111077974452,-128.99510510175813,167.1092125743434
19.15111107797445,-16.06969024216349,-118.99510510175814,167.1092125743434
21.65063509461096,-12.50000000000001,-108.99510510175816,167.1092125743434
23.492315519647704,-8.550503583141735,-98.99510510175817,167.1092125743434
24.6201938253052,-4.34120444167326,-88.99510510175813,167.1092125743434
25.0,0.0,-78.99510510175813,167.1092125743434
24.6201938253052,4.341204441673258,-68.99510510175813,167.1092125743434
23.49231551964771,8.550503583141717,-58.995105101758135,167.1092125743434
21.65063509461097,12.499999999999998,-48.995105101758135,167.1092125743434
19.151111077974452,16.06969024216348,-38.99510510175813,167.1092125743434
16.069690242163485,19.151111077974452,-28.995105101758124,167.1092125743434
12.500000000000004,21.650635094610966,-18.995105101758128,167.1092125743434
8.55050358314172,23.492315519647708,-8.995105101758128,167.1092125743434
4.34120444167326,24.6201938253052,1.0048948982418737,167.1092125743434
1.5308084989341915e-15,25.0,11.004894898241876,167.1092125743434
-4.341204441673257,24.6201938253052,21.004894898241876,167.1092125743434
-8.550503583141717,23.49231551964771,31.00489489824188,167.1092125743434
-12.499999999999995,21.65063509461097,41.004894898241865,167.1092125743434
-16.06969024216348,19.151111077974452,51.00489489824188,167.1092125743434
-19.15111107797445,16.069690242163485,61.00489489824187,167.1092125743434
-21.65063509461097,12.499999999999998,71.00489489824189,167.1092125743434
-23.492315519647708,8.550503583141722,81.00489489824187,167.1092125743434
-24.6201938253052,4.341204441673267,91.00489489824186,167.1092125743434
-25.0,3.061616997868383e-15,101.00489489824187,167.1092125743434
-24.620193825305204,-4.34120444167325,-248.99510510175816,167.1092125743434
-23.49231551964771,-8.550503583141717,-238.99510510175816,167.1092125743434
-21.65063509461097,-12.499999999999995,-228.99510510175813,167.1092125743434
-19.151111077974452,-16.06969024216348,-218.99510510175813,167.1092125743434
-16.06969024216349,-19.15111107797445,-208.99510510175816,167.1092125743434
-12.50000000000001,-21.65063509461096,-198.99510510175816,167.1092125743434
-8.550503583141733,-23.492315519647704,-188.99510510175816,167.1092125743434
-4.341204441673258,-24.6201938253052,-178.99510510175813,167.1092125743434
-4.592425496802574e-15,-25.0,-168.99510510175813,167.1092125743434
4.341204441673249,-24.620193825305204,-158.99510510175816,167.1092125743434
8.550503583141705,-23.492315519647715,-148.99510510175816,167.1092125743434
12.5,-21.650635094610966,-138.99510510175813,167.1092125743434
16.06969024216348,-19.151111077974452,-128.99510510175813,167.1092125743434
19.15111107797445,-16.06969024216349,-118.99510510175814,167.1092125743434
21.65063509461096,-12.50000000000001,-108.99510510175816,167.1092125743434
23.492315519647704,-8.550503583141735,-98.99510510175817,167.1092125743434
24.6201938253052,-4.34120444167326,-88.99510510175813,167.1092125743434
15.0,0.0,-78.51524795866723,172.32040079469064
14.772116295183121,2.6047226650039548,-68.51524795866723,172.32040079469064
14.095389311788626,5.130302149885031,-58.51524795866723,172.32040079469064
12.99038105676658,7.499999999999999,-48.51524795866723,172.32040079469064
11.490666646784671,9.641814145298088,-38.51524795866724,172.32040079469064
9.64181414529809,11.49066664678467,-28.51524795866723,172.32040079469064
7.500000000000002,12.990381056766578,-18.515247958667235,172.32040079469064
5.130302149885033,14.095389311788624,-8.515247958667235,172.32040079469064
2.604722665003956,14.772116295183121,1.4847520413327668,172.32040079469064
9.18485099360515e-16,15.0,11.484752041332769,172.32040079469064
-2.6047226650039548,14.772116295183121,21.48475204133277,172.32040079469064
-5.130302149885031,14.095389311788626,31.484752041332772,172.32040079469064
-7.4999999999999964,12.990381056766582,41.48475204133276,172.32040079469064
-9.641814145298088,11.490666646784671,51.484752041332776,172.32040079469064
-11.490666646784668,9.641814145298092,61.48475204133276,172.32040079469064
-12.99038105676658,7.499999999999999,71.48475204133278,172.32040079469064
-14.095389311788624,5.130302149885033,81.48475204133277,172.32040079469064
-14.772116295183121,2.6047226650039605,91.48475204133275,172.32040079469064
-15.0,1.83697019872103e-15,101.48475204133277,172.32040079469064
-14.772116295183121,-2.6047226650039503,-248.5152479586673,172.32040079469064
-14.095389311788626,-5.13030214988503,-238.5152479586672,172.32040079469064
-12.990381056766582,-7.4999999999999964,-228.51524795866726,172.32040079469064
-11.490666646784671,-9.641814145298088,-218.51524795866726,172.32040079469064
-9.641814145298094,-11.490666646784668,-208.51524795866726,172.32040079469064
-7.500000000000007,-12.990381056766577,-198.51524795866726,172.32040079469064
-5.13030214988504,-14.095389311788622,-188.51524795866726,172.32040079469064
-2.6047226650039548,-14.772116295183121,-178.51524795866723,172.32040079469064
-2.7554552980815444e-15,-15.0,-168.51524795866723,172.32040079469064
2.6047226650039494,-14.772116295183121,-158.51524795866723,172.32040079469064
5.130302149885023,-14.095389311788628,-148.51524795866726,172.32040079469064
7.5,-12.990381056766578,-138.5152479586672,172.32040079469064
9.641814145298088,-11.490666646784671,-128.51524795866723,172.32040079469064
11.490666646784668,-9.641814145298094,-118.51524795866723,172.32040079469064
12.990381056766577,-7.500000000000007,-108.51524795866726,172.32040079469064
14.095389311788622,-5.130302149885041,-98.51524795866727,172.32040079469064
14.772116295183121,-2.6047226650039557,-88.51524795866723,172.32040079469064
25.0,0.0,-78.99510510175813,167.1092125743434
24.6201938253052,4.341204441673258,-68.99510510175813,167.1092125743434
23.49231551964771,8.550503583141717,-58.995105101758135,167.1092125743434
21.65063509461097,12.499999999999998,-48.995105101758135,167.1092125743434
19.151111077974452,16.06969024216348,-38.99510510175813,167.1092125743434
16.069690242163485,19.151111077974452,-28.995105101758124,167.1092125743434
12.500000000000004,21.650635094610966,-18.995105101758128,167.1092125743434
8.55050358314172,23.492315519647708,-8.995105101758128,167.1092125743434
4.34120444167326,24.6201938253052,1.0048948982418737,167.1092125743434
1.5308084989341915e-15,25.0,11.004894898241876,167.1092125743434
-4.341204441673257,24.6201938253052,21.004894898241876,167.1092125743434
-8.550503583141717,23.49231551964771,31.00489489824188,167.1092125743434
-12.499999999999995,21.65063509461097,41.004894898241865,167.1092125743434
-16.06969024216348,19.151111077974452,51.00489489824188,167.1092125743434
-19.15111107797445,16.069690242163485,61.00489489824187,167.1092125743434
-21.65063509461097,12.499999999999998,71.00489489824189,167.1092125743434
-23.492315519647708,8.550503583141722,81.00489489824187,167.1092125743434
-24.6201938253052,4.341204441673267,91.00489489824186,167.1092125743434
-25.0,3.061616997868383e-15,101.00489489824187,167.1092125743434
-24.620193825305204,-4.34120444167325,-248.99510510175816,167.1092125743434
-23.49231551964771,-8.550503583141717,-238.99510510175816,167.1092125743434
-21.65063509461097,-12.499999999999995,-228.99510510175813,167.1092125743434
-19.151111077974452,-16.06969024216348,-218.99510510175813,167.1092125743434
-16.06969024216349,-19.15111107797445,-208.99510510175816,167.1092125743434
-12.50000000000001,-21.65063509461096,-198.99510510175816,167.1092125743434
-8.550503583141733,-23.492315519647704,-188.99510510175816,167.1092125743434
-4.341204441673258,-24.6201938253052,-178.99510510175813,167.1092125743434
-4.592425496802574e-15,-25.0,-168.99510510175813,167.1092125743434
4.341204441673249,-24.620193825305204,-158.99510510175816,167.1092125743434
8.550503583141705,-23.492315519647715,-148.99510510175816,167.1092125743434
12.5,-21.650635094610966,-138.99510510175813,167.1092125743434
16.06969024216348,-19.151111077974452,-128.99510510175813,167.1092125743434
19.15111107797445,-16.06969024216349,-118.99510510175814,167.1092125743434
21.65063509461096,-12.50000000000001,-108.99510510175816,167.1092125743434
23.492315519647704,-8.550503583141735,-98.99510510175817,167.1092125743434
24.6201938253052,-4.34120444167326,-88.99510510175813,167.1092125743434
40.0,10.0,-62.54058812116027,158.61775355780554
10.0,10.0,-33.270397207613556,172.7684129308298
40.0,40.0,-28.287001971422384,150.49261369918656
-10.0,-10.0,-213.27039720761357,172.7684129308298
25.0,5.0,-67.64602873192499,166.85117408487633
24.6201938253052,9.34120444167326,-58.10466508961713,166.41453355567066
23.49231551964771,13.550503583141717,-48.82776661044548,166.0039247548149
60.0,60.0,-21.286282949860155,135.06873428491178
10.0,10.0,-33.270397207613556,172.7684129308298
30.0,30.0,-31.34216170668119,157.98876631919933
30.0,30.0,-31.34216170668119,157.98876631919933
30.0,30.0,-31.34216170668119,157.98876631919933
40.0,40.0,-28.287001971422384,150.49261369918656
50.0,50.0,-24.89727222051595,142.86736883732252
10.0,10.0,-33.270397207613556,172.7684129308298
30.0,50.0,-13.847960336531479,149.56171267065992
-10.0,-10.0,-213.27039720761357,172.7684129308298
-10.0,-10.0,-213.27039720761357,172.7684129308298
20.0,20.0,-33.67649581225319,165.39673510372722
60.0,60.0,-21.286282949860155,135.06873428491178
-10.0,30.0,30.197368627247776,163.65364843354183
60.0,60.0,-21.286282949860155,135.06873428491178
40.0,40.0,-28.287001971422384,150.49261369918656
70.0,70.0,-17.48606023093772,127.04449611684953
-10.0,-10.0,-213.27039720761357,172.7684129308298
80.0,80.0,-13.493445219062965,118.7299421047392
60.0,10.0,-62.831358736444585,148.21166938294837
25.0,0.0,-78.99510510175813,167.1092125743434
25.0,0.0,-78.99510510175813,167.1092125743434
24.6201938253052,4.341204441673258,-68.99510510175813,167.1092125743434
24.6201938253052,4.341204441673258,-68.99510510175813,167.1092125743434
23.49231551964771,8.550503583141717,-58.995105101758135,167.1092125743434
23.49231551964771,8.550503583141717,-58.995105101758135,167.1092125743434
21.65063509461097,12.499999999999998,-48.995105101758135,167.1092125743434
21.65063509461097,12.499999999999998,-48.995105101758135,167.1092125743434
19.151111077974452,16.06969024216348,-38.99510510175813,167.1092125743434
19.151111077974452,16.06969024216348,-38.99510510175813,167.1092125743434
16.069690242163485,19.151111077974452,-28.995105101758124,167.1092125743434
16.069690242163485,19.151111077974452,-28.995105101758124,167.1092125743434
70.0,-10.0,-78.02737457467194,142.86736883732252
10.0,5.0,-50.30264079139983,174.31948320056162
80.0,-5.0,-71.08347697748684,137.6809653308957
50.0,10.0,-63.233500588241625,153.4625927163731
-10.0,-10.0,-213.27039720761357,172.7684129308298
80.0,80.0,-13.493445219062965,118.7299421047392
-10.0,-10.0,-213.27039720761357,172.7684129308298
60.0,2.0,-70.57177306597048,148.63799424198692
10.0,10.0,-33.270397207613556,172.7684129308298
50.0,59.0,-18.50971086742158,139.23788539118323
70.0,20.0,-53.43072539798709,141.72668436011296
-20.0,10.0,74.29837496718184,168.4843264556033
80.0,29.0,-46.297432129838185,134.9339029361897
70.0,70.0,-17.48606023093772,127.04449611684953
70.0,70.0,-17.48606023093772,127.04449611684953
10.0,10.0,-33.270397207613556,172.7684129308298
45.0,20.0,-50.962001790246504,154.3884134199939
45.0,20.0,-50.962001790246504,154.3884134199939
44.6201938253052,24.34120444167326,-45.965817626735756,153.54882774191267
44.6201938253052,24.34120444167326,-45.965817626735756,153.54882774191267
43.49231551964771,28.55050358314172,-41.031538922130665,152.91247660479706
41.65063509461097,32.5,-36.17029054719393,152.48503540712426
43.49231551964771,28.55050358314172,-41.031538922130665,152.91247660479706
39.15111107797445,36.06969024216348,-31.390627499392917,152.27034555347169
41.65063509461097,32.5,-36.17029054719393,152.48503540712426
36.06969024216349,39.15111107797445,-26.699006415780353,152.27034555347166
39.15111107797445,36.06969024216348,-31.390627499392917,152.27034555347169
32.5,41.65063509461096,-22.100139028988163,152.48503540712426
36.06969024216349,39.15111107797445,-26.699006415780353,152.27034555347166
28.55050358314172,43.492315519647704,-17.5972831706874,152.91247660479706
32.5,41.65063509461096,-22.100139028988163,152.48503540712426
24.34120444167326,44.6201938253052,-13.192510158465572,153.54882774191267
20.0,45.0,-8.886979739402866,154.3884134199939
28.55050358314172,43.492315519647704,-17.5972831706874,152.91247660479706
15.658795558326743,44.6201938253052,-4.681253642315747,155.42382195218215
24.34120444167326,44.6201938253052,-13.192510158465572,153.54882774191267
11.449496416858283,43.49231551964771,-0.5756873661806409,156.6460255269688
20.0,45.0,-8.886979739402866,154.3884134199939
7.500000000000005,41.65063509461097,3.4290381461803574,158.044514893989
3.9303097578365183,39.15111107797445,7.331136208652062,159.60743907305866
15.658795558326743,44.6201938253052,-4.681253642315747,155.42382195218215
0.8488889220255516,36.06969024216349,11.12647714148393,161.3217383528098
11.449496416858283,43.49231551964771,-0.5756873661806409,156.6460255269688
-1.6506350946109691,32.5,14.80646585671478,163.17325420405592
7.500000000000005,41.65063509461097,3.4290381461803574,158.044514893989
-3.4923155196477076,28.550503583141722,18.35408446979367,165.1467881656488
3.9303097578365183,39.15111107797445,7.331136208652062,159.60743907305866
-4.620193825305201,24.341204441673266,21.73578903346236,167.2260501024724
0.8488889220255516,36.06969024216349,11.12647714148393,161.3217383528098
-5.0,20.000000000000004,24.882930351283548,169.3933402607434
-1.6506350946109691,32.5,14.80646585671478,163.17325420405592
-4.620193825305204,15.65879555832675,27.642377903263963,171.62847141212708
-3.4923155196477076,28.550503583141722,18.35408446979367,165.1467881656488
-3.492315519647711,11.449496416858283,29.61463316687891,173.90494349975535
-4.620193825305201,24.341204441673266,21.73578903346236,167.2260501024724
-1.6506350946109691,7.500000000000005,29.413264550195752,176.17193694940357
0.848888922025548,3.9303097578365183,18.536363587311993,178.19928985830205
-5.0,20.000000000000004,24.882930351283548,169.3933402607434
3.930309757836511,0.8488889220255516,-47.08798527411718,178.19928985830205
-4.620193825305204,15.65879555832675,27.642377903263963,171.62847141212708
7.499999999999989,-1.6506350946109585,-85.41082790181667,176.17193694940357
11.449496416858267,-3.492315519647704,-94.31078492984254,173.90494349975535
-3.492315519647711,11.449496416858283,29.61463316687891,173.90494349975535
-1.6506350946109691,7.500000000000005,29.413264550195752,176.17193694940357
15.65879555832674,-4.620193825305201,-95.23545698270551,171.62847141212708
0.848888922025548,3.9303097578365183,18.536363587311993,178.19928985830205
19.999999999999996,-5.0,-93.18955658456942,169.3933402607434
3.930309757836511,0.8488889220255516,-47.08798527411718,178.19928985830205
7.499999999999989,-1.6506350946109585,-85.41082790181667,176.17193694940357
24.34120444167325,-4.620193825305204,-89.75908431085729,167.2260501024724
28.550503583141705,-3.4923155196477147,-85.59353934804228,165.1467881656488
11.449496416858267,-3.492315519647704,-94.31078492984254,173.90494349975535
32.5,-1.6506350946109656,-81.00850225646754,163.17325420405592
15.65879555832674,-4.620193825305201,-95.23545698270551,171.62847141212708
36.06969024216348,0.848888922025548,-76.17714397016609,161.3217383528098
19.999999999999996,-5.0,-93.18955658456942,169.3933402607434
39.15111107797445,3.930309757836511,-71.20363466127944,159.60743907305866
24.34120444167325,-4.620193825305204,-89.75908431085729,167.2260501024724
41.65063509461096,7.499999999999989,-66.15532440975126,158.044514893989
28.550503583141705,-3.4923155196477147,-85.59353934804228,165.1467881656488
43.492315519647704,11.449496416858265,-61.078335318664834,156.6460255269688
32.5,-1.6506350946109656,-81.00850225646754,163.17325420405592
44.6201938253052,15.65879555832674,-56.00572069261881,155.42382195218215
36.06969024216348,0.848888922025548,-76.17714397016609,161.3217383528098
39.15111107797445,3.930309757836511,-71.20363466127944,159.60743907305866
41.65063509461096,7.499999999999989,-66.15532440975126,158.044514893989
43.492315519647704,11.449496416858265,-61.078335318664834,156.6460255269688
44.6201938253052,15.65879555832674,-56.00572069261881,155.42382195218215
10.0,-40.0,-152.54058812116025,158.61775355780554
10.0,10.0,-33.270397207613556,172.7684129308298
80.0,89.0,-8.529290990283188,114.76849872112767
60.0,60.0,-21.286282949860155,135.06873428491178
30.0,30.0,-31.34216170668119,157.98876631919933
10.0,70.0,11.972625425328076,142.86736883732252
80.0,10.0,-60.261803984267715,137.42256752981964
20.0,10.0,-52.57152267866216,168.4843264556033
20.0,-30.0,-133.83943573464148,161.33439937521783
20.0,10.0,-52.57152267866216,168.4843264556033
0.0,0.0,24.75569489129117,177.63431031927985
70.0,20.0,-49.338159696637675,140.8897384144421
70.0,10.0,-57.58408345042156,142.38850416627875
80.0,-10.0,-71.08347697748684,137.6809653308957
80.0,-10.0,-71.08347697748684,137.6809653308957
80.0,-10.0,-71.08347697748684,137.6809653308957
80.0,-10.0,-71.08347697748684,137.6809653308957
80.0,-10.0,-71.08347697748684,137.6809653308957
70.0,70.0,-14.514672596138585,124.96048539582856
50.0,10.0,-57.576169282976494,152.81923848892248
10.0,200.0,-24.98455848483505,44.80931505825934
0.0,217.0,0.0,0.0
0.0,200.0,-22.354620292826354,45.138315205258486
-70.0,20.0,1.3541921872557197,140.8897384144421
-10.0,20.0,-57.022819655163836,166.10528502959767
-10.0,20.0,-57.022819655163836,166.10528502959767
-10.0,5.0,-33.270397207613556,172.7684129308298
7.0,70.0,-74.07276704651159,140.343685503917
25.0,0.0,-157.64602873192499,166.85117408487633
24.6201938253052,4.341204441673258,-148.10466508961713,166.41453355567066
23.49231551964771,8.550503583141717,-138.82776661044548,166.0039247548149
21.65063509461097,12.499999999999998,-129.7788933302646,165.62911663875664
19.151111077974452,16.06969024216348,-120.92343077709793,165.29840260111808
16.069690242163485,19.151111077974452,-112.22879455758479,165.0186675757006
12.500000000000004,21.650635094610966,-103.66425790163163,164.79545294330575
8.55050358314172,23.492315519647708,-95.20056684478166,164.63301187231303
4.34120444167326,24.6201938253052,-86.8094442371642,164.53435232462465
1.5308084989341915e-15,25.0,-78.46304096718451,164.50126724340322
-4.341204441673257,24.6201938253052,-70.13336625588272,164.53435232462465
-8.550503583141717,23.49231551964771,-61.791714384270655,164.63301187231303
-12.499999999999995,21.65063509461097,-53.40809990121527,164.79545294330575
-16.06969024216348,19.151111077974452,-44.95071599049333,165.0186675757006
-19.15111107797445,16.069690242163485,-36.38544163620181,165.29840260111808
-21.65063509461097,12.499999999999998,-27.675444459518737,165.62911663875664
-23.492315519647708,8.550503583141722,-18.780960931967655,166.0039247548149
-24.6201938253052,4.341204441673267,-9.659388110837554,166.41453355567066
-25.0,3.061616997868383e-15,-0.2658936799654157,166.85117408487633
-24.620193825305204,-4.34120444167325,9.445160053738974,167.30254805865673
21.65063509461096,-12.50000000000001,-188.22399271099613,168.19667492224525
23.492315519647704,-8.550503583141735,-177.67107516950324,167.755816056188
24.6201938253052,-4.34120444167326,-167.4892913711475,167.30254805865673
20.0,70.0,1.3541921872557072,140.8897384144421
10.0,60.0,3.9115432024633408,147.6641098112909
70.0,70.0,-18.464540617902536,124.96048539582856
80.0,10.0,-59.38393812189451,134.65864623781246
10.0,10.0,-45.33202031757763,170.74146208681393
60.0,-10.0,-79.85736308713373,145.5514770532826
60.0,-10.0,-79.85736308713373,145.5514770532826
10.0,10.0,-45.33202031757763,170.74146208681393
90.0,90.0,-9.724480163805199,107.76744243559818
10.0,20.0,-25.865002747602148,167.1092125743434
100.0,20.0,-49.49834503492977,122.44470305880816
78.0,78.0,-15.05125308968519,118.27218503619663
24.0,10.0,-59.346125121575625,164.14840253456893
60.0,10.0,-62.831358736444585,148.21166938294837
60.0,10.0,-62.831358736444585,148.21166938294837
60.0,10.0,-62.831358736444585,148.21166938294837
70.0,70.0,-17.48606023093772,127.04449611684953
70.0,70.0,-17.48606023093772,127.04449611684953
90.0,10.0,-58.43649835576355,131.8644132131305
90.0,10.0,-58.43649835576355,131.8644132131305
90.0,10.0,-58.43649835576355,131.8644132131305
90.0,10.0,-58.43649835576355,131.8644132131305
90.0,90.0,-9.282869046735462,110.0411414670198
90.0,90.0,-9.282869046735462,110.0411414670198
10.0,10.0,-33.270397207613556,172.7684129308298
90.0,90.0,-9.282869046735462,110.0411414670198
2.0,0.0,-3.859190114194182e-13,180.0
60.0,60.0,-21.286282949860155,135.06873428491178
60.0,60.0,-21.286282949860155,135.06873428491178
60.0,60.0,-21.286282949860155,135.06873428491178
10.0,10.0,-33.270397207613556,172.7684129308298
100.0,100.0,-4.807237074775499,100.8637434802124
80.0,10.0,-60.261803984267715,137.42256752981964
100.0,20.0,-50.34985096853896,125.31592312073154
100.0,10.0,-56.36033215901792,126.17544232375536
100.0,10.0,-56.36033215901792,126.17544232375536
60.0,60.0,-21.286282949860155,135.06873428491178
20.0,70.0,4.678482800167208,141.72668436011296
-10.0,10.0,56.729602792386444,172.7684129308298
70.0,70.0,-17.48606023093772,127.04449611684953
70.0,70.0,-17.48606023093772,127.04449611684953
80.0,10.0,-60.261803984267715,137.42256752981964
25.0,0.0,-78.99510510175813,167.1092125743434
24.6201938253052,4.341204441673258,-68.99510510175813,167.1092125743434
23.49231551964771,8.550503583141717,-58.995105101758135,167.1092125743434
21.65063509461097,12.499999999999998,-48.995105101758135,167.1092125743434
19.151111077974452,16.06969024216348,-38.99510510175813,167.1092125743434
16.069690242163485,19.151111077974452,-28.995105101758124,167.1092125743434
12.500000000000004,21.650635094610966,-18.995105101758128,167.1092125743434
8.55050358314172,23.492315519647708,-8.995105101758128,167.1092125743434
4.34120444167326,24.6201938253052,1.0048948982418737,167.1092125743434
1.5308084989341915e-15,25.0,11.004894898241876,167.1092125743434
-4.341204441673257,24.6201938253052,21.004894898241876,167.1092125743434
-8.550503583141717,23.49231551964771,31.00489489824188,167.1092125743434
-12.499999999999995,21.65063509461097,41.004894898241865,167.1092125743434
-16.06969024216348,19.151111077974452,51.00489489824188,167.1092125743434
-19.15111107797445,16.069690242163485,61.00489489824187,167.1092125743434
-21.65063509461097,12.499999999999998,71.00489489824189,167.1092125743434
-23.492315519647708,8.550503583141722,81.00489489824187,167.1092125743434
-24.6201938253052,4.341204441673267,91.00489489824186,167.1092125743434
60.0,10.0,-62.831358736444585,148.21166938294837
60.0,60.0,-21.286282949860155,135.06873428491178
50.0,50.0,-24.89727222051595,142.86736883732252
45.0,20.0,-50.962001790246504,154.3884134199939
44.6201938253052,24.34120444167326,-45.965817626735756,153.54882774191267
43.49231551964771,28.55050358314172,-41.031538922130665,152.91247660479706
41.65063509461097,32.5,-36.17029054719393,152.48503540712426
39.15111107797445,36.06969024216348,-31.390627499392917,152.27034555347169
36.06969024216349,39.15111107797445,-26.699006415780353,152.27034555347166
32.5,41.65063509461096,-22.100139028988163,152.48503540712426
28.55050358314172,43.492315519647704,-17.5972831706874,152.91247660479706
25.0,0.0,-78.99510510175813,167.1092125743434
-12.499999999999995,21.65063509461097,41.004894898241865,167.1092125743434
5.0,0.0,-65.24430510870883,177.63431031927985
-2.499999999999999,4.3301270189221945,54.755694891291164,177.63431031927985
0.0,200.0,64.52430902561939,51.44875953230468
0.0,200.0,64.52430902561939,51.44875953230468
60.0,60.0,-21.286282949860155,135.06873428491178
20.0,20.0,-33.67649581225319,165.39673510372722
0.0,220.0,82.37278051408826,15.393963586932502
70.0,70.0,-17.48606023093772,127.04449611684953
-20.0,10.0,74.29837496718184,168.4843264556033
-20.0,10.0,74.29837496718184,168.4843264556033
80.0,80.0,-13.493445219062965,118.7299421047392
100.0,-100.0,-94.8072370747755,100.8637434802124
0.0,220.0,82.37278051408826,15.393963586932502
0.0,220.0,82.37278051408826,15.393963586932502
0.0,220.0,81.18008447280785,15.173427750533655
0.0,220.0,81.18008447280785,15.173427750533655
0.0,220.0,81.18008447280785,15.173427750533655
0.0,220.0,81.18008447280785,15.173427750533655
50.0,40.0,-34.53683622391575,144.33692369713333
0.0,217.0,76.67768444939927,24.226305359078157
217.0,0.0,0.0,0.0
0.0,217.0,90.0,0.0
0.0,217.0,90.0,0.0
0.0,217.0,90.0,0.0
0.0,217.0,90.0,0.0
0.0,217.0,90.0,0.0
0.0,217.0,90.0,0.0
0.0,217.0,90.0,0.0
0.0,217.0,90.0,0.0
0.0,217.0,90.0,0.0
0.0,217.0,90.0,0.0
0.0,217.0,90.0,0.0
0.0,217.0,90.0,0.0
0.0,217.0,90.0,0.0
0.0,217.0,90.0,0.0
0.0,217.0,90.0,0.0
0.0,217.0,90.0,0.0
0.0,217.0,90.0,0.0
0.0,217.0,90.0,0.0
0.0,217.0,90.0,0.0
0.0,217.0,90.0,0.0
0.0,217.0,90.0,0.0
0.0,217.0,90.0,0.0
210.0,-5.0,-18.748458808402845,37.85088330576399
0.0,217.0,90.0,0.0
0.0,217.0,90.0,0.0
217.0,-5.0,-12.072345201802882,24.36758784148777
0.0,0.0,24.75569489129117,177.63431031927985
0.0,217.0,90.0,0.0
220.0,-5.0,-7.627219485911741,15.393963586932502
0.0,217.0,90.0,0.0
0.0,217.0,90.0,0.0
0.0,217.0,90.0,0.0
70.0,70.0,-14.514672596138585,124.96048539582856
20.0,10.0,-42.1252074559141,167.1092125743434
0.0,217.0,90.0,0.0
0.0,217.0,90.0,0.0
80.0,80.0,-10.711254963055792,116.56415947320464
20.0,20.0,-26.839755976665465,163.44834910899885
70.0,70.0,-14.514672596138585,124.96048539582856
80.0,80.0,-10.711254963055792,116.56415947320464
0.0,217.0,90.0,0.0
70.0,70.0,-14.514672596138585,124.96048539582856
0.0,217.0,90.0,0.0
0.0,217.0,90.0,0.0
0.0,217.0,90.0,0.0
100.0,-50.0,-83.72213471357739,120.8061286212582
0.0,215.0,90.0,0.0
0.0,215.0,90.0,0.0
0.0,215.0,90.0,0.0
0.0,215.0,90.0,0.0
0.0,215.0,90.0,0.0
0.0,215.0,90.0,0.0
0.0,215.0,90.0,0.0
15.0,50.0,2.5193837984391436,149.22375055840843
7.500000000000002,62.99038105676658,13.90712251689645,143.04143092063202
-7.4999999999999964,62.99038105676658,26.139797845381285,143.04143092063202
-15.0,50.0,32.00650947138062,149.22375055840843
-7.500000000000007,37.00961894323342,23.776468294917517,156.82012862763222
7.499999999999989,37.00961894323341,4.433906064526436,156.82012862763222
60.0,50.0,-23.30199823914213,136.23638960056863
58.09016994374947,55.877852522924734,-18.822553094289567,134.6485385443935
53.09016994374947,59.510565162951536,-14.818753293707788,134.92989106108305
46.90983005625053,59.510565162951536,-12.383928332457272,136.9974679756818
41.90983005625053,55.877852522924734,-12.364678617494704,140.2124827519873
40.0,50.0,-15.223104637837523,143.4529857824831
41.90983005625053,44.12214747707527,-20.37334732318247,145.3673029753199
46.90983005625053,40.489434837048464,-25.519426938503003,145.01749731260392
53.09016994374947,40.489434837048464,-27.955263153103505,142.5839662092506
58.09016994374947,44.122147477075266,-26.86907401175885,139.21316895265883
90.0,50.0,-28.035939641370884,122.65435842333284
82.36067977499789,73.51141009169893,-13.551393674974054,117.50300283872802
62.3606797749979,88.04226065180615,-1.6079935665247937,118.40722692841211
37.63932022500211,88.04226065180615,6.803112021944631,125.17427360427834
17.63932022500211,73.51141009169893,10.721286181062748,136.42419039329542
10.0,50.00000000000001,7.063170065227792,149.79662041430694
17.639320225002102,26.48858990830108,-14.98909085958196,160.39357577561228
37.639320225002095,11.957739348193861,-49.66508351997937,158.1374386649296
62.36067977499789,11.957739348193854,-54.34383380634886,145.8682550656863
82.36067977499789,26.48858990830107,-43.08829144208513,132.79302516071402
75.0,50.0,-26.560068797599012,129.7930300212241
69.15111107797445,66.06969024216349,-15.463681923739749,126.11481096313977
54.34120444167326,74.6201938253052,-6.399324324722816,127.58591548568468
37.50000000000001,71.65063509461098,-1.1775405924717373,133.79168785751517
26.507684480352292,58.55050358314172,-1.9158068493856912,142.86919528370495
26.50768448035229,41.44949641685828,-12.278087243221474,151.20865252375344
37.499999999999986,28.34936490538904,-31.114282878685145,153.17349238903628
54.34120444167325,25.379806174694796,-40.92670212583996,146.90507793078538
69.15111107797445,33.93030975783651,-36.83433108951949,137.56998612853576
75.0,49.99999999999999,-26.56006879759902,129.7930300212241
90.0,50.0,-28.035939641370884,122.65435842333284
82.36067977499789,73.51141009169893,-13.551393674974054,117.50300283872802
62.3606797749979,88.04226065180615,-1.6079935665247937,118.40722692841211
37.63932022500211,88.04226065180615,6.803112021944631,125.17427360427834
17.63932022500211,73.51141009169893,10.721286181062748,136.42419039329542
10.0,50.00000000000001,7.063170065227792,149.79662041430694
17.639320225002102,26.48858990830108,-14.98909085958196,160.39357577561228
37.639320225002095,11.957739348193861,-49.66508351997937,158.1374386649296
62.36067977499789,11.957739348193854,-54.34383380634886,145.8682550656863
82.36067977499789,26.48858990830107,-43.08829144208513,132.79302516071402
90.0,50.0,-28.035939641370884,122.65435842333284
90.0,50.0,-28.035939641370884,122.65435842333284
82.36067977499789,73.51141009169893,-13.551393674974054,117.50300283872802
62.3606797749979,88.04226065180615,-1.6079935665247937,118.40722692841211
37.63932022500211,88.04226065180615,6.803112021944631,125.17427360427834
17.63932022500211,73.51141009169893,10.721286181062748,136.42419039329542
10.0,50.00000000000001,7.063170065227792,149.79662041430694
17.639320225002102,26.48858990830108,-14.98909085958196,160.39357577561228
37.639320225002095,11.957739348193861,-49.66508351997937,158.1374386649296
62.36067977499789,11.957739348193854,-54.34383380634886,145.8682550656863
82.36067977499789,26.48858990830107,-43.08829144208513,132.79302516071402
90.0,50.0,-28.035939641370884,122.65435842333284
90.0,50.0,-28.035939641370884,122.65435842333284
82.36067977499789,73.51141009169893,-13.551393674974054,117.50300283872802
75.0,50.0,-26.560068797599012,129.7930300212241
75.0,50.0,-26.560068797599012,129.7930300212241
75.0,50.0,-26.560068797599012,129.7930300212241
72.83863644106502,60.168416076895,-19.78152295993224,126.99480223233262
66.72826515897145,68.57862063693486,-13.42304423679769,125.98902721383173
57.72542485937369,73.77641290737884,-7.95761425169497,126.8784623876899
47.38678841830867,74.86304738420684,-3.75461355059351,129.57226113282923
37.50000000000001,71.65063509461098,-1.1775405924717373,133.79168785751517
29.774575140626318,64.69463130731182,-0.7076729627252898,139.07558953065072
25.54630998165486,55.19779227044399,-3.0813770328764765,144.7531135821343
25.546309981654858,44.802207729556024,-9.262370811004605,149.85638095228512
29.774575140626315,35.30536869268818,-19.517426725415444,153.06835406317072
37.499999999999986,28.34936490538904,-31.114282878685145,153.17349238903628
47.38678841830865,25.136952615793167,-38.98393788682629,150.12507163150534
57.72542485937368,26.22358709262116,-40.98492779295076,145.09766869598153
66.72826515897145,31.42137936306513,-38.38307711550241,139.42391458941518
72.838636441065,39.83158392310498,-33.08922833440895,134.09366830526523
75.0,50.0,-26.560068797599012,129.7930300212241
100.0,50.0,-28.238479648254366,117.54592331409891
90.45084971874738,79.38926261462366,-11.26995893223179,111.42241712821203
65.45084971874738,97.55282581475768,2.4761164422841397,112.4989255676399
34.549150281252636,97.55282581475768,12.349759539599647,120.5359473328246
9.549150281252636,79.38926261462366,17.948743188957742,133.91383951545015
0.0,50.00000000000001,16.812384901969683,150.2620980245761
0.0,215.0,90.0,0.0
80.0,80.0,-9.61563538002631,115.67326842789221
0.0,215.0,90.0,0.0
100.0,50.0,-28.238479648254366,117.54592331409891
90.45084971874738,79.38926261462366,-11.26995893223179,111.42241712821203
65.45084971874738,97.55282581475768,2.4761164422841397,112.4989255676399
34.549150281252636,97.55282581475768,12.349759539599647,120.5359473328246
9.549150281252636,79.38926261462366,17.948743188957742,133.91383951545015
0.0,50.00000000000001,16.812384901969683,150.2620980245761
9.54915028125263,20.61073738537635,-7.641990394661712,164.91085168811927
34.54915028125262,2.447174185242325,-62.27721019768117,161.45909472028254
65.45084971874736,2.447174185242318,-62.80937463531,145.35439601125196
90.45084971874736,20.61073738537634,-46.719665003460804,129.5823894706953
100.0,50.0,-28.238479648254366,117.54592331409891
100.0,50.0,-28.238479648254366,117.54592331409891
25.00000000000001,93.30127018922194,14.73200172067556,124.506787580224
24.99999999999998,6.698729810778083,-49.92987221024015,165.28047032051106
100.0,50.0,-28.238479648254366,117.54592331409891
25.00000000000001,93.30127018922194,14.73200172067556,124.506787580224
24.99999999999998,6.698729810778083,-49.92987221024015,165.28047032051106
100.0,50.0,-28.238479648254366,117.54592331409891
100.0,50.0,-28.238479648254366,117.54592331409891
25.00000000000001,93.30127018922194,14.73200172067556,124.506787580224
24.99999999999998,6.698729810778083,-49.92987221024015,165.28047032051106
100.0,50.0,-28.238479648254366,117.54592331409891
0.0,0.0,18.325396798172786,176.53670366359566
75.0,50.0,-26.560068797599012,129.7930300212241
37.50000000000001,71.65063509461098,-1.1775405924717373,133.79168785751517
100.0,50.0,-28.238479648254366,117.54592331409891
100.0,50.0,-28.238479648254366,117.54592331409891
25.00000000000001,93.30127018922194,14.73200172067556,124.506787580224
100.0,50.0,-28.238479648254366,117.54592331409891
25.00000000000001,93.30127018922194,14.73200172067556,124.506787580224
24.99999999999998,6.698729810778083,-49.92987221024015,165.28047032051106
100.0,50.0,-28.238479648254366,117.54592331409891
100.0,50.0,-28.238479648254366,117.54592331409891
98.90738003669028,60.39558454088797,-22.302352947640262,114.75867898416482
95.67727288213004,70.33683215379,-16.625855591652666,112.70037547216495
90.45084971874738,79.38926261462366,-11.26995893223179,111.42241712821203
83.45653031794292,87.15724127386972,-6.280973355709371,110.95824887058707
75.0,93.30127018922192,-1.6918504112885715,111.3203294036732
65.45084971874738,97.55282581475768,2.4761164422841397,112.4989255676399
55.226423163382684,99.72609476841367,6.210608376864123,114.4630578588776
44.77357683661733,99.72609476841367,9.504344369389132,117.16333759083695
34.549150281252636,97.55282581475768,12.349759539599647,120.5359473328246
25.00000000000001,93.30127018922194,14.73200172067556,124.506787580224
16.543469682057108,87.15724127386972,16.619338208321917,128.99483306611674
9.549150281252636,79.38926261462366,17.948743188957742,133.91383951545015
4.32272711786996,70.33683215379003,18.60170823737893,139.17143293265823
1.0926199633097227,60.39558454088799,18.359362290820695,144.66384470331903
0.0,50.00000000000001,16.812384901969683,150.2620980245761
1.0926199633097156,39.60441545911205,13.171893725060848,155.77842480213613
4.322727117869945,29.66316784621001,5.896615881729807,160.88284535136864
9.54915028125263,20.61073738537635,-7.641990394661712,164.91085168811927
16.54346968205708,12.842758726130299,-28.746057570639543,166.6742605941068
24.99999999999998,6.698729810778083,-49.92987221024015,165.28047032051106
34.54915028125262,2.447174185242325,-62.27721019768117,161.45909472028254
44.77357683661729,0.2739052315863333,-66.5195927277532,156.4420837848383
55.22642316338265,0.2739052315863333,-65.98212392457897,150.95448123263992
65.45084971874736,2.447174185242318,-62.80937463531,145.35439601125196
74.99999999999997,6.6987298107780475,-58.15779581919561,139.84112531892762
83.45653031794289,12.842758726130263,-52.66762284591064,134.54849299366745
90.45084971874736,20.61073738537634,-46.719665003460804,129.5823894706953
95.67727288213003,29.663167846209955,-40.559220170606544,125.03619610861941
98.90738003669028,39.604415459112005,-34.356733046219304,120.99680023047205
100.0,50.0,-28.238479648254366,117.54592331409891
100.0,50.0,-28.238479648254366,117.54592331409891
90.45084971874738,79.38926261462366,-11.26995893223179,111.42241712821203
65.45084971874738,97.55282581475768,2.4761164422841397,112.4989255676399
34.549150281252636,97.55282581475768,12.349759539599647,120.5359473328246
9.549150281252636,79.38926261462366,17.948743188957742,133.91383951545015
0.0,50.00000000000001,16.812384901969683,150.2620980245761
9.54915028125263,20.61073738537635,-7.641990394661712,164.91085168811927
34.54915028125262,2.447174185242325,-62.27721019768117,161.45909472028254
65.45084971874736,2.447174185242318,-62.80937463531,145.35439601125196
90.45084971874736,20.61073738537634,-46.719665003460804,129.5823894706953
100.0,50.0,-28.238479648254366,117.54592331409891
50.0,20.0,-44.85907908906827,150.35598919305832
60.0,60.0,-16.786139387407417,132.21194365749605
60.0,60.0,-16.786139387407417,132.21194365749605
60.0,60.0,-16.786139387407417,132.21194365749605
0.0,215.0,90.0,0.0
0.0,215.0,90.0,0.0
0.0,215.0,90.0,0.0
0.0,215.0,90.0,0.0
0.0,215.0,90.0,0.0
0.0,215.0,90.0,0.0
0.0,215.0,90.0,0.0
0.0,215.0,90.0,0.0
100.0,50.0,-28.238479648254366,117.54592331409891
50.0,100.0,7.912964434850048,115.7248799476203
0.0,50.00000000000001,16.812384901969683,150.2620980245761
49.99999999999999,0.0,-66.68416466603065,153.72927032866627
100.0,50.0,-28.238479648254366,117.54592331409891
80.0,80.0,-9.61563538002631,115.67326842789221
100.0,50.0,-28.238479648254366,117.54592331409891
90.45084971874738,79.38926261462366,-11.26995893223179,111.42241712821203
65.45084971874738,97.55282581475768,2.4761164422841397,112.4989255676399
34.549150281252636,97.55282581475768,12.349759539599647,120.5359473328246
9.549150281252636,79.38926261462366,17.948743188957742,133.91383951545015
0.0,50.00000000000001,16.812384901969683,150.2620980245761
9.54915028125263,20.61073738537635,-7.641990394661712,164.91085168811927
34.54915028125262,2.447174185242325,-62.27721019768117,161.45909472028254
65.45084971874736,2.447174185242318,-62.80937463531,145.35439601125196
90.45084971874736,20.61073738537634,-46.719665003460804,129.5823894706953
100.0,50.0,-28.238479648254366,117.54592331409891
90.0,90.0,-5.576931869311711,106.83220264438187
70.0,70.0,-13.352096888693957,124.1024014888719
0.0,215.0,90.0,0.0
0.0,215.0,90.0,0.0
0.0,215.0,90.0,0.0
0.0,215.0,90.0,0.0
0.0,215.0,90.0,0.0
0.0,215.0,90.0,0.0
0.0,215.0,90.0,0.0
100.0,50.0,-28.238479648254366,117.54592331409891
90.45084971874738,79.38926261462366,-11.26995893223179,111.42241712821203
65.45084971874738,97.55282581475768,2.4761164422841397,112.4989255676399
34.549150281252636,97.55282581475768,12.349759539599647,120.5359473328246
9.549150281252636,79.38926261462366,17.948743188957742,133.91383951545015
0.0,50.00000000000001,16.812384901969683,150.2620980245761
9.54915028125263,20.61073738537635,-7.641990394661712,164.91085168811927
34.54915028125262,2.447174185242325,-62.27721019768117,161.45909472028254
65.45084971874736,2.447174185242318,-62.80937463531,145.35439601125196
90.45084971874736,20.61073738537634,-46.719665003460804,129.5823894706953
100.0,50.0,-28.238479648254366,117.54592331409891
90.45084971874738,79.38926261462366,-11.26995893223179,111.42241712821203
65.45084971874738,97.55282581475768,2.4761164422841397,112.4989255676399
34.549150281252636,97.55282581475768,12.349759539599647,120.5359473328246
9.549150281252636,79.38926261462366,17.948743188957742,133.91383951545015
0.0,50.00000000000001,16.812384901969683,150.2620980245761
9.54915028125263,20.61073738537635,-7.641990394661712,164.91085168811927
34.54915028125262,2.447174185242325,-62.27721019768117,161.45909472028254
65.45084971874736,2.447174185242318,-62.80937463531,145.35439601125196
90.45084971874736,20.61073738537634,-46.719665003460804,129.5823894706953
100.0,50.0,-28.238479648254366,117.54592331409891
90.45084971874738,79.38926261462366,-11.26995893223179,111.42241712821203
65.45084971874738,97.55282581475768,2.4761164422841397,112.4989255676399
34.549150281252636,97.55282581475768,12.349759539599647,120.5359473328246
9.549150281252636,79.38926261462366,17.948743188957742,133.91383951545015
0.0,50.00000000000001,16.812384901969683,150.2620980245761
9.54915028125263,20.61073738537635,-7.641990394661712,164.91085168811927
34.54915028125262,2.447174185242325,-62.27721019768117,161.45909472028254
65.45084971874736,2.447174185242318,-62.80937463531,145.35439601125196
90.45084971874736,20.61073738537634,-46.719665003460804,129.5823894706953
0.0,215.0,90.0,0.0
0.0,215.0,90.0,0.0
0.0,215.0,90.0,0.0
0.0,215.0,90.0,0.0
0.0,215.0,90.0,0.0
100.0,50.0,-28.238479648254366,117.54592331409891
90.45084971874738,79.38926261462366,-11.26995893223179,111.42241712821203
65.45084971874738,97.55282581475768,2.4761164422841397,112.4989255676399
34.549150281252636,97.55282581475768,12.349759539599647,120.5359473328246
100.0,50.0,-28.238479648254366,117.54592331409891
25.00000000000001,93.30127018922194,14.73200172067556,124.506787580224
100.0,50.0,-28.238479648254366,117.54592331409891
25.00000000000001,93.30127018922194,14.73200172067556,124.506787580224
24.99999999999998,6.698729810778083,-49.92987221024015,165.28047032051106
100.0,50.0,-28.238479648254366,117.54592331409891
80.0,29.0,-41.30128081915743,133.45815879055166
29.0,50.0,-8.51440559054148,146.52972745872614
-20.0,120.0,45.06170275803197,109.22887475650482
100.0,50.0,-28.238479648254366,117.54592331409891
25.00000000000001,93.30127018922194,14.73200172067556,124.506787580224
24.99999999999998,6.698729810778083,-49.92987221024015,165.28047032051106
100.0,50.0,-28.238479648254366,117.54592331409891
100.0,50.0,-28.238479648254366,117.54592331409891
25.00000000000001,93.30127018922194,14.73200172067556,124.506787580224
24.99999999999998,6.698729810778083,-49.92987221024015,165.28047032051106
100.0,50.0,-28.238479648254366,117.54592331409891
100.0,50.0,-28.238479648254366,117.54592331409891
25.00000000000001,93.30127018922194,14.73200172067556,124.506787580224
24.99999999999998,6.698729810778083,-49.92987221024015,165.28047032051106
100.0,50.0,-28.238479648254366,117.54592331409891
100.0,50.0,-28.238479648254366,117.54592331409891
25.00000000000001,93.30127018922194,14.73200172067556,124.506787580224
24.99999999999998,6.698729810778083,-49.92987221024015,165.28047032051106
100.0,50.0,-28.238479648254366,117.54592331409891
100.0,50.0,-28.238479648254366,117.54592331409891
25.00000000000001,93.30127018922194,14.73200172067556,124.506787580224
24.99999999999998,6.698729810778083,-49.92987221024015,165.28047032051106
100.0,50.0,-28.238479648254366,117.54592331409891
100.0,50.0,-28.238479648254366,117.54592331409891
90.45084971874738,79.38926261462366,-11.26995893223179,111.42241712821203
65.45084971874738,97.55282581475768,2.4761164422841397,112.4989255676399
34.549150281252636,97.55282581475768,12.349759539599647,120.5359473328246
9.549150281252636,79.38926261462366,17.948743188957742,133.91383951545015
0.0,50.00000000000001,16.812384901969683,150.2620980245761
9.54915028125263,20.61073738537635,-7.641990394661712,164.91085168811927
34.54915028125262,2.447174185242325,-62.27721019768117,161.45909472028254
65.45084971874736,2.447174185242318,-62.80937463531,145.35439601125196
90.45084971874736,20.61073738537634,-46.719665003460804,129.5823894706953
100.0,50.0,-28.238479648254366,117.54592331409891
0.0,215.0,90.0,0.0
0.0,215.0,90.0,0.0
0.0,215.0,90.0,0.0
0.0,215.0,90.0,0.0
0.0,215.0,90.0,0.0
0.0,215.0,90.0,0.0
0.0,215.0,90.0,0.0
0.0,215.0,90.0,0.0
0.0,215.0,90.0,0.0
0.0,215.0,90.0,0.0
20.0,70.0,7.777847072163349,138.0135947624993
0.0,215.0,90.0,0.0
0.0,215.0,90.0,0.0
0.0,215.0,90.0,0.0
0.0,215.0,90.0,0.0
0.0,215.0,90.0,0.0
0.0,215.0,90.0,0.0
0.0,215.0,90.0,0.0
0.0,215.0,90.0,0.0
0.0,215.0,90.0,0.0
0.0,215.0,90.0,0.0
0.0,215.0,90.0,0.0
0.0,215.0,90.0,0.0
0.0,215.0,90.0,0.0
0.0,215.0,90.0,0.0
0.0,215.0,90.0,0.0
0.0,215.0,90.0,0.0
100.0,50.0,-28.238479648254366,117.54592331409891
90.45084971874738,79.38926261462366,-11.26995893223179,111.42241712821203
65.45084971874738,97.55282581475768,2.4761164422841397,112.4989255676399
100.0,50.0,-28.238479648254366,117.54592331409891
90.45084971874738,79.38926261462366,-11.26995893223179,111.42241712821203
65.45084971874738,97.55282581475768,2.4761164422841397,112.4989255676399
34.549150281252636,97.55282581475768,12.349759539599647,120.5359473328246
0.0,215.0,90.0,0.0
100.0,50.0,-28.238479648254366,117.54592331409891
25.00000000000001,93.30127018922194,14.73200172067556,124.506787580224
24.99999999999998,6.698729810778083,-49.92987221024015,165.28047032051106
100.0,50.0,-28.238479648254366,117.54592331409891
100.0,50.0,-28.238479648254366,117.54592331409891
90.45084971874738,79.38926261462366,-11.26995893223179,111.42241712821203
65.45084971874738,97.55282581475768,2.4761164422841397,112.4989255676399
34.549150281252636,97.55282581475768,12.349759539599647,120.5359473328246
9.549150281252636,79.38926261462366,17.948743188957742,133.91383951545015
0.0,50.00000000000001,16.812384901969683,150.2620980245761
9.54915028125263,20.61073738537635,-7.641990394661712,164.91085168811927
34.54915028125262,2.447174185242325,-62.27721019768117,161.45909472028254
65.45084971874736,2.447174185242318,-62.80937463531,145.35439601125196
90.45084971874736,20.61073738537634,-46.719665003460804,129.5823894706953
100.0,50.0,-28.238479648254366,117.54592331409891
100.0,50.0,-28.238479648254366,117.54592331409891
90.45084971874738,79.38926261462366,-11.26995893223179,111.42241712821203
65.45084971874738,97.55282581475768,2.4761164422841397,112.4989255676399
34.549150281252636,97.55282581475768,12.349759539599647,120.5359473328246
9.549150281252636,79.38926261462366,17.948743188957742,133.91383951545015
0.0,50.00000000000001,16.812384901969683,150.2620980245761
9.54915028125263,20.61073738537635,-7.641990394661712,164.91085168811927
34.54915028125262,2.447174185242325,-62.27721019768117,161.45909472028254
65.45084971874736,2.447174185242318,-62.80937463531,145.35439601125196
90.45084971874736,20.61073738537634,-46.719665003460804,129.5823894706953
100.0,50.0,-28.238479648254366,117.54592331409891
50.0,120.0,17.107814349346565,104.12955436824029
30.0,90.0,11.030207544731342,125.57566673793752
0.0,215.0,90.0,0.0
0.0,215.0,90.0,0.0
-10.0,89.0,32.78210729901221,128.46803463982044
50.0,50.0,-19.87196466265391,140.07119154691495
50.0,50.0,-19.87196466265391,140.07119154691495
50.0,50.0,-19.87196466265391,140.07119154691495
50.0,50.0,-19.87196466265391,140.07119154691495
20.0,70.0,7.777847072163349,138.0135947624993
50.0,59.0,-13.96888261625819,136.2128619390808
50.0,50.0,-19.87196466265391,140.07119154691495
80.0,50.0,-27.226714355168014,127.48569338716757
80.0,50.0,-27.226714355168014,127.48569338716757
50.0,50.0,-19.87196466265391,140.07119154691495
50.0,50.0,-19.87196466265391,140.07119154691495
50.0,50.0,-19.87196466265391,140.07119154691495
50.0,50.0,-19.87196466265391,140.07119154691495
80.0,80.0,-9.61563538002631,115.67326842789221
60.0,60.0,-16.786139387407417,132.21194365749605
100.0,50.0,-28.238479648254366,117.54592331409891
90.45084971874738,79.38926261462366,-11.26995893223179,111.42241712821203
65.45084971874738,97.55282581475768,2.4761164422841397,112.4989255676399
34.549150281252636,97.55282581475768,12.349759539599647,120.5359473328246
9.549150281252636,79.38926261462366,17.948743188957742,133.91383951545015
0.0,50.00000000000001,16.812384901969683,150.2620980245761
9.54915028125263,20.61073738537635,-7.641990394661712,164.91085168811927
34.54915028125262,2.447174185242325,-62.27721019768117,161.45909472028254
20.0,20.0,-24.465453160967417,162.61959281810653
70.0,70.0,-13.352096888693957,124.1024014888719
0.0,0.0,18.325396798172786,176.53670366359566
0.0,0.0,18.325396798172786,176.53670366359566
0.0,215.0,90.0,0.0
100.0,50.0,-28.238479648254366,117.54592331409891
90.45084971874738,79.38926261462366,-11.26995893223179,111.42241712821203
65.45084971874738,97.55282581475768,2.4761164422841397,112.4989255676399
34.549150281252636,97.55282581475768,12.349759539599647,120.5359473328246
9.549150281252636,79.38926261462366,17.948743188957742,133.91383951545015
0.0,50.00000000000001,16.812384901969683,150.2620980245761
9.54915028125263,20.61073738537635,-7.641990394661712,164.91085168811927
34.54915028125262,2.447174185242325,-62.27721019768117,161.45909472028254
65.45084971874736,2.447174185242318,-62.80937463531,145.35439601125196
90.45084971874736,20.61073738537634,-46.719665003460804,129.5823894706953
100.0,50.0,-28.238479648254366,117.54592331409891
20.0,20.0,-24.465453160967417,162.61959281810653
0.0,156.0,47.71769899007794,85.51920121401778
156.0,0.0,-42.21027457481571,90.60226786427695
0.0,0.0,18.325396798172786,176.53670366359566
78.0,78.0,-10.386582427773122,117.38867881656982
-78.0,78.0,74.69532959201763,117.38867881656982
-78.0,78.0,74.69532959201763,117.38867881656982
100.0,50.0,-28.238479648254366,117.54592331409891
90.45084971874738,79.38926261462366,-11.26995893223179,111.42241712821203
65.45084971874738,97.55282581475768,2.4761164422841397,112.4989255676399
34.549150281252636,97.55282581475768,12.349759539599647,120.5359473328246
9.549150281252636,79.38926261462366,17.948743188957742,133.91383951545015
0.0,50.00000000000001,16.812384901969683,150.2620980245761
9.54915028125263,20.61073738537635,-7.641990394661712,164.91085168811927
34.54915028125262,2.447174185242325,-62.27721019768117,161.45909472028254
100.0,50.0,-28.238479648254366,117.54592331409891
90.45084971874738,79.38926261462366,-11.26995893223179,111.42241712821203
65.45084971874738,97.55282581475768,2.4761164422841397,112.4989255676399
34.549150281252636,97.55282581475768,12.349759539599647,120.5359473328246
9.549150281252636,79.38926261462366,17.948743188957742,133.91383951545015
0.0,50.00000000000001,16.812384901969683,150.2620980245761
9.54915028125263,20.61073738537635,-7.641990394661712,164.91085168811927
34.54915028125262,2.447174185242325,-62.27721019768117,161.45909472028254
65.45084971874736,2.447174185242318,-62.80937463531,145.35439601125196
90.45084971874736,20.61073738537634,-46.719665003460804,129.5823894706953
100.0,50.0,-28.238479648254366,117.54592331409891
20.0,20.0,-24.465453160967417,162.61959281810653
20.0,20.0,-24.465453160967417,162.61959281810653
100.0,50.0,-28.238479648254366,117.54592331409891
90.45084971874738,79.38926261462366,-11.26995893223179,111.42241712821203
65.45084971874738,97.55282581475768,2.4761164422841397,112.4989255676399
34.549150281252636,97.55282581475768,12.349759539599647,120.5359473328246
9.549150281252636,79.38926261462366,17.948743188957742,133.91383951545015
0.0,50.00000000000001,16.812384901969683,150.2620980245761
9.54915028125263,20.61073738537635,-7.641990394661712,164.91085168811927
34.54915028125262,2.447174185242325,-62.27721019768117,161.45909472028254
65.45084971874736,2.447174185242318,-62.80937463531,145.35439601125196
90.45084971874736,20.61073738537634,-46.719665003460804,129.5823894706953
100.0,50.0,-28.238479648254366,117.54592331409891
100.0,50.0,-28.238479648254366,117.54592331409891
25.00000000000001,93.30127018922194,14.73200172067556,124.506787580224
24.99999999999998,6.698729810778083,-49.92987221024015,165.28047032051106
100.0,50.0,-28.238479648254366,117.54592331409891
100.0,50.0,-28.238479648254366,117.54592331409891
25.00000000000001,93.30127018922194,14.73200172067556,124.506787580224
24.99999999999998,6.698729810778083,-49.92987221024015,165.28047032051106
100.0,50.0,-28.238479648254366,117.54592331409891
90.0,90.0,-5.576931869311711,106.83220264438187
0.0,215.0,90.0,0.0
0.0,215.0,90.0,0.0
90.0,90.0,-5.576931869311711,106.83220264438187
90.0,90.0,-5.576931869311711,106.83220264438187
0.0,215.0,90.0,0.0
0.0,215.0,90.0,0.0
0.0,215.0,90.0,0.0
0.0,215.0,90.0,0.0
0.0,215.0,90.0,0.0
0.0,215.0,90.0,0.0
0.0,215.0,90.0,0.0
100.0,50.0,-28.238479648254366,117.54592331409891
25.00000000000001,93.30127018922194,14.73200172067556,124.506787580224
24.99999999999998,6.698729810778083,-49.92987221024015,165.28047032051106
100.0,50.0,-28.238479648254366,117.54592331409891
100.0,50.0,-28.238479648254366,117.54592331409891
25.00000000000001,93.30127018922194,14.73200172067556,124.506787580224
24.99999999999998,6.698729810778083,-49.92987221024015,165.28047032051106
100.0,50.0,-28.238479648254366,117.54592331409891
80.0,80.0,-9.61563538002631,115.67326842789221
0.0,0.0,18.325396798172786,176.53670366359566
0.0,156.0,47.71769899007794,85.51920121401778
0.0,156.0,47.71769899007794,85.51920121401778
90.0,50.0,-28.035939641370884,122.65435842333284
30.000000000000007,84.64101615137756,8.68328709022847,128.521287650954
29.999999999999982,15.358983848622465,-40.59322597693363,160.62150003692108
90.0,50.0,-28.035939641370884,122.65435842333284
120.0,80.0,-11.598540818512198,96.23250340865275
80.0,120.0,10.89279404974354,94.92410208753556
40.0,80.0,1.9352486559138282,128.90594695319572
79.99999999999999,40.0,-33.74354443735027,130.5997650607479
120.0,80.0,-11.598540818512198,96.23250340865275
120.0,70.0,-16.739866097972726,100.08574346989094
70.0,120.0,12.517403753126878,98.43646827533293
140.0,90.0,-4.750088424749447,79.79614412543013
65.00000000000001,133.30127018922195,19.819867517597004,91.70832210031023
64.99999999999997,46.69872981077808,-26.86657533048511,135.37061517905897
140.0,90.0,-4.750088424749447,79.79614412543013
100.0,50.0,-28.238479648254366,117.54592331409891
90.45084971874738,79.38926261462366,-11.26995893223179,111.42241712821203
65.45084971874738,97.55282581475768,2.4761164422841397,112.4989255676399
34.549150281252636,97.55282581475768,12.349759539599647,120.5359473328246
9.549150281252636,79.38926261462366,17.948743188957742,133.91383951545015
0.0,50.00000000000001,16.812384901969683,150.2620980245761
9.54915028125263,20.61073738537635,-7.641990394661712,164.91085168811927
34.54915028125262,2.447174185242325,-62.27721019768117,161.45909472028254
130.0,90.0,-5.851707439330596,86.12539684203043
120.45084971874738,119.38926261462366,8.63708897349993,76.29291304532521
95.45084971874738,137.55282581475768,18.261159237379914,77.43017583246636
64.54915028125264,137.55282581475768,21.93077558788925,89.02771033805942
39.549150281252636,119.38926261462366,19.938378801882184,106.76083792723786
30.0,90.0,11.030207544731342,125.57566673793752
39.54915028125263,60.61073738537635,-8.302201241425925,138.69120916815604
64.54915028125262,42.447174185242325,-29.755126288822566,137.04034679381206
95.45084971874736,42.44717418524232,-32.72375411466653,122.08477018341857
120.45084971874736,60.61073738537634,-21.5701613245935,103.05152235372552
130.0,90.0,-5.851707439330596,86.12539684203043
140.0,90.0,-4.750088424749447,79.79614412543013
130.45084971874738,119.38926261462366,9.35821305178325,70.19711448258123
105.45084971874738,137.55282581475768,17.97217492826362,72.59260156431735
74.54915028125264,137.55282581475768,20.303638169746076,85.78949365226205
49.549150281252636,119.38926261462366,16.95657906351271,104.60876361476329
40.0,90.0,6.753500892265378,123.59841492794705
49.54915028125263,60.61073738537635,-12.791861962318965,135.64343164114075
74.54915028125262,42.447174185242325,-31.51376764204046,132.48378602485988
105.45084971874736,42.44717418524232,-32.40013004804403,116.72049966960266
130.45084971874735,60.61073738537634,-20.579797062871293,97.12302008877576
140.0,90.0,-4.750088424749447,79.79614412543013
220.90738003669028,10.395584540887965,1.0562864566526837,6.955214271728204
217.67727288213004,20.336832153790006,-1.5618159328120413,17.59938886306648
212.45084971874738,29.389262614623657,-4.004629341117311,27.7027859892343
205.4565303179429,37.15724127386971,-6.501749229370358,37.614361665540244
197.0,43.30127018922193,-9.123202285657925,47.346293494349325
187.45084971874738,47.552825814757675,-11.924980172976293,56.86146510356161
177.2264231633827,49.72609476841367,-14.965021869662436,66.09906861105611
166.77357683661734,49.72609476841367,-18.306953885543447,74.97598662911354
156.54915028125262,47.55282581475768,-22.01940505901116,83.38221904806232
147.0,43.30127018922194,-26.169878160457664,91.17386014767295
138.5434696820571,37.15724127386972,-30.8090473629253,98.16586122425079
131.54915028125265,29.38926261462366,-35.93960461203944,104.12869743856224
126.32272711786996,20.33683215379002,-41.466635996147,108.79665812659424
123.09261996330972,10.395584540887986,-47.141386895735366,111.89794893079623
122.0,6.123233995736766e-15,-52.53860371438287,113.21080649718779
123.09261996330972,-10.395584540887953,-57.120440253858774,112.62932153986701
126.32272711786995,-20.33683215378999,-60.38759551983945,110.20136249570976
131.54915028125262,-29.38926261462365,-62.028128254025205,106.11091297265169
220.90738003669028,10.395584540887965,1.0562864566526837,6.955214271728204
217.67727288213004,20.336832153790006,-1.5618159328120413,17.59938886306648
212.45084971874738,29.389262614623657,-4.004629341117311,27.7027859892343
205.4565303179429,37.15724127386971,-6.501749229370358,37.614361665540244
197.0,43.30127018922193,-9.123202285657925,47.346293494349325
187.45084971874738,47.552825814757675,-11.924980172976293,56.86146510356161
177.2264231633827,49.72609476841367,-14.965021869662436,66.09906861105611
166.77357683661734,49.72609476841367,-18.306953885543447,74.97598662911354
156.54915028125262,47.55282581475768,-22.01940505901116,83.38221904806232
147.0,43.30127018922194,-26.169878160457664,91.17386014767295
138.5434696820571,37.15724127386972,-30.8090473629253,98.16586122425079
131.54915028125265,29.38926261462366,-35.93960461203944,104.12869743856224
126.32272711786996,20.33683215379002,-41.466635996147,108.79665812659424
123.09261996330972,10.395584540887986,-47.141386895735366,111.89794893079623
122.0,6.123233995736766e-15,-52.53860371438287,113.21080649718779
123.09261996330972,-10.395584540887953,-57.120440253858774,112.62932153986701
126.32272711786995,-20.33683215378999,-60.38759551983945,110.20136249570976
131.54915028125262,-29.38926261462365,-62.028128254025205,106.11091297265169
138.5434696820571,-37.1572412738697,-61.967387764898945,100.61818444706219
146.99999999999997,-43.30127018922192,-60.316189764247056,93.9963130043473
156.54915028125262,-47.552825814757675,-57.282734728904124,86.49083944569524
166.77357683661728,-49.72609476841367,-53.10147290060136,78.30411726989408
177.22642316338266,-49.72609476841367,-47.99324983342374,69.59526387426904
187.45084971874735,-47.55282581475768,-42.14948883709028,60.486543913151124
196.99999999999997,-43.30127018922195,-35.729596605074505,51.070794771096956
205.4565303179429,-37.15724127386974,-28.86380224502842,41.417197363924885
212.45084971874735,-29.38926261462366,-21.656492917457555,31.572959459509224
217.67727288213,-20.336832153790045,-14.183874922196908,21.552109569743504
220.90738003669028,-10.395584540887993,-6.4485780513943975,11.237463191798412
80.0,80.0,-9.61563538002631,115.67326842789221
0.0,215.0,90.0,0.0
220.90738003669028,10.395584540887965,1.0562864566526837,6.955214271728204
217.67727288213004,20.336832153790006,-1.5618159328120413,17.59938886306648
212.45084971874738,29.389262614623657,-4.004629341117311,27.7027859892343
205.4565303179429,37.15724127386971,-6.501749229370358,37.614361665540244
197.0,43.30127018922193,-9.123202285657925,47.346293494349325
187.45084971874738,47.552825814757675,-11.924980172976293,56.86146510356161
177.2264231633827,49.72609476841367,-14.965021869662436,66.09906861105611
166.77357683661734,49.72609476841367,-18.306953885543447,74.97598662911354
156.54915028125262,47.55282581475768,-22.01940505901116,83.38221904806232
147.0,43.30127018922194,-26.169878160457664,91.17386014767295
138.5434696820571,37.15724127386972,-30.8090473629253,98.16586122425079
131.54915028125265,29.38926261462366,-35.93960461203944,104.12869743856224
126.32272711786996,20.33683215379002,-41.466635996147,108.79665812659424
123.09261996330972,10.395584540887986,-47.141386895735366,111.89794893079623
122.0,6.123233995736766e-15,-52.53860371438287,113.21080649718779
123.09261996330972,-10.395584540887953,-57.120440253858774,112.62932153986701
126.32272711786995,-20.33683215378999,-60.38759551983945,110.20136249570976
131.54915028125262,-29.38926261462365,-62.028128254025205,106.11091297265169
138.5434696820571,-37.1572412738697,-61.967387764898945,100.61818444706219
146.99999999999997,-43.30127018922192,-60.316189764247056,93.9963130043473
156.54915028125262,-47.552825814757675,-57.282734728904124,86.49083944569524
166.77357683661728,-49.72609476841367,-53.10147290060136,78.30411726989408
177.22642316338266,-49.72609476841367,-47.99324983342374,69.59526387426904
187.45084971874735,-47.55282581475768,-42.14948883709028,60.486543913151124
196.99999999999997,-43.30127018922195,-35.729596605074505,51.070794771096956
205.4565303179429,-37.15724127386974,-28.86380224502842,41.417197363924885
212.45084971874735,-29.38926261462366,-21.656492917457555,31.572959459509224
217.67727288213,-20.336832153790045,-14.183874922196908,21.552109569743504
220.90738003669028,-10.395584540887993,-6.4485780513943975,11.237463191798412
221.01506724761103,12.514757203218469,3.139832216056525,3.8468148934746456
218.0845213036123,24.721359549995793,1.411137747405513,13.85492802930671
213.28052193506943,36.31923997916374,0.20432753179556767,22.761388155142274
206.72135954999578,47.022820183397855,-0.9606795187639526,31.503862959361594
198.5685424949238,56.5685424949238,-2.1478938002226013,40.17660810831456
189.02282018339787,64.72135954999578,-3.3882979678537133,48.80163277242238
178.31923997916374,71.28052193506943,-4.707800911905054,57.382666307049504
166.72135954999578,76.08452130361228,-6.134168858658389,65.91582609934484
154.51475720321847,79.01506724761103,-7.700623648946096,74.39223174303955
142.0,80.0,-9.44922314270961,82.79815044726624
129.48524279678153,79.01506724761103,-11.435147882908492,91.11385012705709
117.27864045000422,76.08452130361229,-13.732768703055559,99.31122709332196
105.68076002083626,71.28052193506943,-16.444536602205083,107.349739428425
94.97717981660216,64.7213595499958,-19.713952671931246,115.16962795600374
85.4314575050762,56.568542494923804,-23.743497381481973,122.6806177499683
77.27864045000422,47.02282018339786,-28.81519519721859,129.74325468299932
70.71947806493057,36.31923997916375,-35.29839065246433,136.1396507553594
65.91547869638772,24.7213595499958,-43.58953798968006,141.53527556249685
62.984932752388985,12.514757203218478,-53.854289759352774,145.45734027587747
62.0,9.797174393178826e-15,-65.48033864365419,147.36968398647463
62.98493275238897,-12.51475720321846,-76.72703278261264,146.92170742431887
65.91547869638771,-24.721359549995782,-85.55130851960712,144.2019502089228
0.0,215.0,90.0,0.0
0.0,215.0,90.0,0.0
0.0,215.0,75.70579251504765,28.853997156080297
0.0,215.0,69.73504482921729,40.915018751108505
0.0,215.0,90.0,0.0
0.0,215.0,90.0,0.0
0.0,215.0,90.0,0.0
0.0,215.0,90.0,0.0
222.0,-7.0,0.0,0.0
0.0,215.0,90.0,0.0
174.72135954999578,76.08452130361228,31.871021118753173,16.055946275822592
158.3622770614123,79.56175162946187,24.636299216469304,37.453244991597835
141.63772293858773,79.56175162946187,20.142845268463724,52.83176967947172
125.27864045000422,76.08452130361229,16.17988891955106,66.40899857984056
110.00000000000001,69.28203230275511,12.202428625343416,78.99429201314024
96.46955149129137,59.45158603819156,7.887891295554862,90.83599026432204
85.27864045000422,47.02282018339786,2.9356339363382364,101.96445561550964
76.91636338859195,32.53893144606403,-3.0043789383372097,112.26026248585607
71.74819194129556,16.632935265420777,-10.351676630796488,121.44119017302421
70.0,9.797174393178826e-15,-19.506238201971698,129.0124764039434
71.74819194129554,-16.632935265420727,-30.479103651423078,134.24272950307534
76.91636338859192,-32.538931446063984,-42.19487139886102,136.3252783329235
-70.0,-70.0,107.71893187340706,144.56213625318588
150.0,-70.0,-49.29429316895855,98.58858633791712
0.0,160.0,90.0,0.0
195.45084971874738,47.552825814757675,23.612804812445212,14.823531783381014
185.2264231633827,49.72609476841367,16.398249066230186,32.95889544034951
174.77357683661734,49.72609476841367,11.497608796510432,45.82983355084822
164.54915028125262,47.55282581475768,7.092658622266716,56.898208403596236
155.0,43.30127018922194,2.7569668830932277,66.8178765251885
146.5434696820571,37.15724127386972,-1.7029972864596425,75.7569098012644
139.54915028125265,29.38926261462366,-6.3911950630097865,83.70061383858422
134.32272711786996,20.33683215379002,-11.344921146503937,90.53432443460369
131.09261996330972,10.395584540887986,-16.52007885990492,96.07950108570374
130.0,6.123233995736766e-15,-21.76195151284086,100.12541455769448
131.09261996330972,-10.395584540887953,-26.785750681659028,102.47162519060214
134.32272711786993,-20.33683215378999,-31.19914244209187,102.98003527867635
203.1358538980296,29.8356568610482,15.942510664604178,20.460660787928283
196.8641461019704,29.835656861048204,10.570395219294412,32.64104964104733
190.72949016875157,28.53169548885461,6.288808112758185,42.06453517568164
185.0,25.980762113533164,2.4005683987242112,50.040779946615416
179.92608180923426,22.294344764321835,-1.2976894074284682,56.90712592327715
175.72949016875157,17.633557568774197,-4.87061271036282,62.75066014443417
172.593636270722,12.202099292274013,-8.313431351247571,67.56148321942153
170.65557197798583,6.237350724532792,-11.572146418449883,71.28800631113016
170.0,3.67394039744206e-15,-14.552922938942574,73.8661159818043
170.65557197798583,-6.237350724532772,-17.132272690374528,75.23929661379056
172.59363627072196,-12.202099292273994,-19.17206004523683,75.37330215192347
175.72949016875157,-17.63355756877419,-20.53854321418683,74.26463323909779
179.92608180923423,-22.29434476432182,-21.120960753845296,71.94139731579224
185.0,-25.980762113533153,-20.844007194509313,68.45637275382308
190.72949016875157,-28.531695488854606,-19.670455972585774,63.87354119279013
196.86414610197036,-29.8356568610482,-17.593343382863193,58.24921488715034
203.13585389802958,-29.835656861048204,-14.618421642592761,51.60555334937333
209.2705098312484,-28.53169548885461,-10.733560172688387,43.883785081902374
214.99999999999997,-25.98076211353317,-5.841852717391769,34.82543473966833
220.07391819076574,-22.294344764321842,0.48659519360312226,23.488480274667058
185.0,25.980762113533164,2.4005683987242112,50.040779946615416
185.0,-25.980762113533153,-20.844007194509313,68.45637275382308
195.45084971874738,47.552825814757675,23.612804812445212,14.823531783381014
185.2264231633827,49.72609476841367,16.398249066230186,32.95889544034951
174.77357683661734,49.72609476841367,11.497608796510432,45.82983355084822
164.54915028125262,47.55282581475768,7.092658622266716,56.898208403596236
155.0,43.30127018922194,2.7569668830932277,66.8178765251885
146.5434696820571,37.15724127386972,-1.7029972864596425,75.7569098012644
139.54915028125265,29.38926261462366,-6.3911950630097865,83.70061383858422
134.32272711786996,20.33683215379002,-11.344921146503937,90.53432443460369
131.09261996330972,10.395584540887986,-16.52007885990492,96.07950108570374
130.0,6.123233995736766e-15,-21.76195151284086,100.12541455769448
131.09261996330972,-10.395584540887953,-26.785750681659028,102.47162519060214
134.32272711786993,-20.33683215378999,-31.19914244209187,102.98003527867635
139.54915028125262,-29.38926261462365,-34.58344002070919,101.6183364142735
146.5434696820571,-37.1572412738697,-36.60337736284267,98.47110242153495
154.99999999999997,-43.30127018922192,-37.082464762224646,93.7115011245455
164.54915028125262,-47.552825814757675,-36.00728110544366,87.55081059721272
174.77357683661728,-49.72609476841367,-33.477938617188784,80.18946321807975
185.22642316338266,-49.72609476841367,-29.643766136508994,71.78038749382026
195.45084971874735,-47.55282581475768,-24.647496522340006,62.39821522896265
204.99999999999997,-43.30127018922195,-18.574779414236136,51.99016872619633
213.4565303179429,-37.15724127386974,-11.36986259351361,40.233776391280905
220.45084971874735,-29.38926261462366,-2.5010028921359218,25.877645414023497
174.72135954999578,76.08452130361228,31.871021118753173,16.055946275822592
158.3622770614123,79.56175162946187,24.636299216469304,37.453244991597835
141.63772293858773,79.56175162946187,20.142845268463724,52.83176967947172
125.27864045000422,76.08452130361229,16.17988891955106,66.40899857984056
90.0,90.0,23.59650201348585,74.09148888744575
90.0,90.0,23.59650201348585,-74.09148888744575
0.0,160.0,90.0,-0.0

203.1358538980296,29.8356568610482,15.942510664604178,-20.460660787928283
196.8641461019704,29.835656861048204,10.570395219294412,-32.64104964104733
190.72949016875157,28.53169548885461,6.288808112758185,-42.06453517568164
185.0,25.980762113533164,2.4005683987242112,-50.040779946615416
179.92608180923426,22.294344764321835,-1.2976894074284682,-56.90712592327715
175.72949016875157,17.633557568774197,-4.87061271036282,-62.75066014443417
172.593636270722,12.202099292274013,-8.313431351247571,-67.56148321942153
170.65557197798583,6.237350724532792,-11.572146418449883,-71.28800631113016
170.0,3.67394039744206e-15,-14.552922938942574,-73.8661159818043
170.65557197798583,-6.237350724532772,-17.132272690374528,-75.23929661379056
172.59363627072196,-12.202099292273994,-19.17206004523683,-75.37330215192347
175.72949016875157,-17.63355756877419,-20.53854321418683,-74.26463323909779
179.92608180923423,-22.29434476432182,-21.120960753845296,-71.94139731579224
185.0,-25.980762113533153,-20.844007194509313,-68.45637275382308
190.72949016875157,-28.531695488854606,-19.670455972585774,-63.87354119279013
0.0,160.0,90.0,-0.0
0.0,160.0,90.0,-0.0
0.0,160.0,90.0,-0.0
0.0,160.0,90.0,-0.0
203.1358538980296,29.8356568610482,15.942510664604178,-20.460660787928283
196.8641461019704,29.835656861048204,10.570395219294412,-32.64104964104733
190.72949016875157,28.53169548885461,6.288808112758185,-42.06453517568164
185.0,25.980762113533164,2.4005683987242112,-50.040779946615416
179.92608180923426,22.294344764321835,-1.2976894074284682,-56.90712592327715
195.2962191529556,44.753485291572304,20.45094398550262,-19.97397970457346
186.09423525312738,42.797543233281914,12.32976125799817,-37.78320867363468
177.5,38.97114317029975,6.446759049570162,-50.19983507903005
169.8891227138514,33.44151714648275,1.1957104237842662,-60.281095960722475
163.59423525312738,26.450336353161298,-3.8186470003085877,-68.68198902697539
158.89045440608297,18.30314893841102,-8.719302690109789,-75.56471692092032
155.98335796697876,9.356026086799188,-13.491019295662063,-80.91117514906729
155.0,5.5109105961630896e-15,-18.010860667641573,-84.63081986715657
155.98335796697876,-9.356026086799158,-22.065687271038406,-86.62203414776658
158.89045440608294,-18.30314893841099,-25.385495888019506,-86.8167878078688
163.59423525312735,-26.450336353161287,-27.697208951973934,-85.20789513275733
220.07391819076574,-47.70565523567818,-10.115642674188424,-31.800388272879296
215.0,-44.01923788646684,-12.790629339462624,-39.3617717012089
209.27050983124843,-41.46830451114539,-15.558970050846693,-46.64548089853201
203.1358538980296,-40.1643431389518,-18.43308071222981,-53.57735765709695
196.8641461019704,-40.16434313895179,-21.418827698889547,-60.07336503511373
190.72949016875157,-41.46830451114539,-24.51149849592375,-66.03885357498851
185.0,-44.01923788646684,-27.69040028603106,-71.36908194207476
179.92608180923426,-47.705655235678165,-30.912464285335112,-75.9517759410581
175.72949016875157,-52.366442431225806,-34.10610579590592,-79.67252749001518
172.593636270722,-57.79790070772599,-37.16772801224573,-82.42344206466697
170.65557197798583,-63.76264927546721,-39.964031289182515,-84.11444643792561
170.0,-70.0,-42.342605452207174,-84.68521090441435
170.65557197798583,-76.23735072453277,-44.150415148743086,-84.11444643792561
172.59363627072196,-82.202099292274,-45.255714052421254,-82.42344206466699
220.07391819076574,-47.70565523567818,-10.115642674188424,-31.800388272879296
215.0,-44.01923788646684,-12.790629339462624,-39.3617717012089
209.27050983124843,-41.46830451114539,-15.558970050846693,-46.64548089853201
